"id","date","time","lat","lng","location.id","number.of.individuals","has.photo","Finding.place.crayfish","Description.crayfish","Description.finding.place.crayfish","I.replaced.the.bait","Code.sample.location","soort","locID"
317941960,"2024-07-08","10:00:00",51.164695,5.739369,94494,0,"False","","","","Ja","1. I_3640_4: Uffelsebeek (51.16451, 5.73997)","crayfish indet","I_3640_4"
318180909,"2024-07-09","10:00:00",51.164447,5.740024,94494,0,"False","","","","Ja","1. I_3640_4: Uffelsebeek (51.16451, 5.73997)","crayfish indet","I_3640_4"
318304262,"2024-07-10","09:00:00",51.16452,5.740048,94494,0,"False","","","","Ja","1. I_3640_4: Uffelsebeek (51.16451, 5.73997)","crayfish indet","I_3640_4"
324903960,"2024-08-13","09:00:00",51.248273,4.598645,191336,0,"False","","","PH6,8 Geleidbaarheid 396 weinig waterplanten","Nee","I-2970-2","crayfish indet","I_2970_2"
324904169,"2024-08-14","09:00:00",51.248283,4.598666,191336,0,"False","","","","Nee","I-2970-2","crayfish indet","I_2970_2"
324904378,"2024-08-15","",51.248461,4.598382,191336,0,"False","","","","Nee","I-2970-2","crayfish indet","I_2970_2"
324904501,"2024-08-16","",51.248276,4.59861,191336,0,"False","","","","Nee","I-2970-2","crayfish indet","I_2970_2"
318178915,"2024-07-09","10:00:00",51.291929,4.546666,28291,4,"True","","zie foto's","Inham van kanaal/aarvederkruid/ maaswater licht basisch/bijvangst 15 zonnebaars","Nee","I.2900-3","faxonius limosus","I_2900_3"
318375287,"2024-07-10","09:37:00",51.291977,4.546902,28291,1,"True","Stromend water","zie foto's","Inham van kanaal/aarvederkruid/ PH=7,3 geleidbaarheid 410/bijvangst 1 zonnebaars","Ja","I.2900-3","faxonius limosus","I_2900_3"
318526484,"2024-07-11","14:15:00",51.29195,4.546902,28291,1,"False","","één schaar verloren ,levendig","Inham van kanaal/aarvederkruid/ maaswater licht basisch/bijvangst 1 snoekje 5 zonnebaars","Ja","I.2900-3","faxonius limosus","I_2900_3"
318615396,"2024-07-12","09:50:00",51.292004,4.546988,28291,2,"True","","zie foto's","Inham van kanaal/aarvederkruid/ 6 zonnebaars 1 snoek 1 zwartbekgrondel","Nee","I.2900-3","faxonius limosus","I_2900_3"
323961585,"2024-08-13","08:52:00",51.261265,3.584385,30068,2,"True","Stilstaand water","2 mannetjes","Open ondiep water met rietkraag","Nee","I.9982.5","procambarus clarkii","I_9982_5"
324090783,"2024-08-14","08:04:00",51.261316,3.584537,30068,3,"True","Stilstaand water","3 mannetjes","Open water aan rietkraag ondiep","Ja","I.9982.5","procambarus clarkii","I_9982_5"
324215412,"2024-08-15","08:35:00",51.261326,3.584574,30068,2,"True","Stilstaand water","2 mannetjes","Open water aan rietkraag ondiep","Nee","I.9982.5","procambarus clarkii","I_9982_5"
324369979,"2024-08-16","07:23:00",51.261311,3.584563,30068,2,"True","Stilstaand water","2 mannetjes","Open water aan rietkraag ondiep","","I.9982.5","procambarus clarkii","I_9982_5"
325444529,"2024-08-23","09:20:00",50.744916,4.25048,23218,0,"False","Stromend water","","","Nee","I_1501_1","crayfish indet","I_1501_1"
325552399,"2024-08-24","",50.745126,4.250513,23218,0,"False","Stromend water","","","Ja","I_1501_1","crayfish indet","I_1501_1"
325658067,"2024-08-25","",50.745423,4.250544,23218,0,"False","Stromend water","","","","I_1501_1","crayfish indet","I_1501_1"
325791245,"2024-08-26","",50.745229,4.250538,23218,0,"False","Stromend water","","","","I_1501_1","crayfish indet","I_1501_1"
321247973,"2024-07-26","08:15:00",50.721949,4.327873,713742,0,"False","Stilstaand water","","","Nee","I_1640_2","crayfish indet","I_1640_2"
325584766,"2024-07-27","09:15:00",50.722343,4.327528,713742,0,"False","","","","Ja","I_1640_2","crayfish indet","I_1640_2"
325585192,"2024-07-28","09:05:00",50.722416,4.32757,713742,0,"False","","","","Ja","I_1640_2","crayfish indet","I_1640_2"
325585433,"2024-07-29","08:15:00",50.722482,4.327416,713742,0,"False","","","","","I_1640_2","crayfish indet","I_1640_2"
321248375,"2024-07-26","08:45:00",50.723422,4.285306,24514,0,"False","Stromend water","","","Nee","I_1653_1","crayfish indet","I_1653_1"
325583562,"2024-07-27","09:45:00",50.723378,4.285458,23234,0,"False","","","","Ja","I_1653_1","crayfish indet","I_1653_1"
325583768,"2024-07-28","09:30:00",50.723481,4.285372,24514,0,"False","","","","","I_1653_1","crayfish indet","I_1653_1"
325583901,"2024-07-29","08:45:00",50.723449,4.286101,694777,0,"False","","","","","I_1653_1","crayfish indet","I_1653_1"
322170188,"2024-07-31","19:30:00",51.126083,4.759722,23301,0,"False","","","","","I_2270_3","crayfish indet","I_2270_3"
322340221,"2024-08-01","20:45:00",51.125855,4.760487,23301,0,"False","","","","Ja","I_2270_3","crayfish indet","I_2270_3"
322463680,"2024-08-02","19:30:00",51.125862,4.760337,23301,0,"False","","","","","I_2270_3","crayfish indet","I_2270_3"
322754737,"2024-08-03","11:00:00",51.125886,4.760296,23301,0,"False","","","","","I_2270_3","crayfish indet","I_2270_3"
324406786,"2024-08-13","10:31:00",51.265196,4.838284,29374,0,"False","Running water","","","","I_2275_3: Laakbeek","crayfish indet","I_2275_3"
324407294,"2024-08-14","10:31:00",51.265466,4.838258,29374,0,"False","Running water","","","No","I_2275_3: Laakbeek","crayfish indet","I_2275_3"
324407488,"2024-08-15","10:31:00",51.265415,4.838269,29374,0,"False","Running water","","","","I_2275_3: Laakbeek","crayfish indet","I_2275_3"
324407647,"2024-08-16","10:31:00",51.265357,4.838262,29374,0,"False","Running water","","","No","I_2275_3: Laakbeek","crayfish indet","I_2275_3"
323422604,"2024-08-06","15:00:00",51.44514,4.747207,23309,0,"False","Stromend water","0","Alle fuiken -> benedenstrooms brug 1 fuik (F2) langs oever (met springbalsemien), Bovenstrooms brug (2 fuiken) op 10 m van elkaar. In geen enkele fuik zaten kreeften.","Nee","I_2321_1","crayfish indet","I_2321_1"
323422947,"2024-08-07","17:30:00",51.44511,4.747234,23309,0,"False","Stromend water","0","geen rivierkreeften in de fuiken.","Nee","I_2321_1","crayfish indet","I_2321_1"
323423046,"2024-08-08","16:00:00",51.445095,4.747274,23309,0,"False","Stromend water","0","Geen rivierkreeften in de fuiken.","Nee","I_2321_1","crayfish indet","I_2321_1"
323423273,"2024-08-09","09:10:00",51.445086,4.747236,23309,0,"True","Stromend water","0","EINDE ONDERZOEK: Geen rivierkreeften in de fuiken, wel 1 zonnebaars (zie bijlage)","Nee","I_2321_1","crayfish indet","I_2321_1"
321096776,"2024-07-25","08:30:00",51.312911,4.837182,23314,0,"False","Stromend water","","Stromend , troebel ,veel riet","Nee","I_2340_1","crayfish indet","I_2340_1"
321247430,"2024-07-26","08:30:00",51.312823,4.837621,23314,0,"False","Stromend water","","laag stromend , troebel water, veel riet","Ja","I_2340_1","crayfish indet","I_2340_1"
321412229,"2024-07-27","10:00:00",51.3264,4.8578,23314,0,"False","Stromend water","","laag stromend , troebel water, veel riet","Nee","I_2340_1","crayfish indet","I_2340_1"
321583817,"2024-07-28","10:15:00",51.312776,4.837418,23314,0,"False","Stromend water","","laag stromend , troebel water, veel riet","","I_2340_1","crayfish indet","I_2340_1"
321911704,"2024-07-30","",51.33305,4.862486,73340,0,"False","Stilstaand water","","oude kleiput, visput","","I_2340_2","crayfish indet","I_2340_2"
322080581,"2024-07-31","10:05:00",51.333052,4.863167,73340,1,"False","Stilstaand water","","oude kleiput, visput","Ja","I_2340_2","crayfish indet","I_2340_2"
322299309,"2024-08-01","15:30:00",51.333089,4.862663,73340,0,"False","Stilstaand water","","oude kleiput, visput","Ja","I_2340_2","crayfish indet","I_2340_2"
322458484,"2024-08-02","19:30:00",51.333143,4.862748,73340,1,"False","Stilstaand water","","","Ja","I_2340_2","faxonius limosus","I_2340_2"
323832780,"2024-08-12","09:03:00",51.334392,5.118288,23317,0,"False","Stromend water","","Zeer lage waterstand: water tot aan ingang fuiken. Geen vegetatie aanwezig, maar links van 3e fuik gele lis en grote egelskop aanwezig in waterloop","Ja","I_2370_1","crayfish indet","I_2370_1"
323966492,"2024-08-13","09:20:00",51.334336,5.118331,23317,0,"False","Stromend water","","","Ja","I_2370_1","crayfish indet","I_2370_1"
324195292,"2024-08-14","11:00:00",51.334354,5.118341,23317,0,"False","Stromend water","","","Ja","I_2370_1","crayfish indet","I_2370_1"
324348398,"2024-08-15","08:10:00",51.33435,5.118331,23317,0,"False","Stromend water","","","Nee","I_2370_1","crayfish indet","I_2370_1"
319196498,"2024-07-16","10:30:00",51.179042,5.111883,29167,0,"False","","","hoge waterstand, drijvend fonteinkruid, sterrenkroos","Nee","I_2400_2","crayfish indet","I_2400_2"
319522968,"2024-07-17","10:30:00",51.179026,5.112006,29167,0,"False","","","","Nee","I_2400_2","crayfish indet","I_2400_2"
319524267,"2024-07-18","11:00:00",51.179005,5.112028,29167,0,"False","","","","Nee","I_2400_2","crayfish indet","I_2400_2"
319842628,"2024-07-19","10:30:00",51.179019,5.112038,29167,0,"False","","","","Nee","I_2400_2","crayfish indet","I_2400_2"
325523731,"2024-08-20","10:31:00",51.243711,4.913056,27149,0,"False","Running water","","","No","I_2460_10 Kaliebeek Tielen","crayfish indet","I_2460_10"
325523832,"2024-08-21","10:31:00",51.243697,4.913122,27149,0,"False","Running water","","","No","I_2460_10 Kaliebeek Tielen","crayfish indet","I_2460_10"
325523879,"2024-08-22","10:31:00",51.243683,4.913143,27149,0,"False","Running water","","","No","I_2460_10 Kaliebeek Tielen","crayfish indet","I_2460_10"
325523918,"2024-08-23","10:31:00",51.243698,4.913094,27149,0,"False","Running water","","","No","I_2460_10 Kaliebeek Tielen","crayfish indet","I_2460_10"
322163441,"2024-07-06","10:26:00",51.094564,4.316449,29122,0,"False","Stromend water","","waterstand: 2,60m TAW / vegetatie: riet / waterkleur: bruin en zeer troebel","Ja","I_2870_1","crayfish indet","I_2870_1"
322163773,"2024-07-07","10:16:00",51.09455,4.316433,29122,0,"False","Stromend water","","waterstand: 2,60m TAW / vegetatie: riet / waterkleur: bruin en zeer troebel","Ja","I_2870_1","crayfish indet","I_2870_1"
322164107,"2024-07-08","10:04:00",51.094547,4.316423,29122,0,"False","Stromend water","","waterstand: 2,60m TAW / vegetatie: riet / waterkleur: bruin en zeer troebel","Ja","I_2870_1","crayfish indet","I_2870_1"
322164290,"2024-07-09","10:21:00",51.094554,4.316423,29122,0,"False","Stromend water","","waterstand: 2,60m TAW / vegetatie: riet / waterkleur: bruin en zeer troebel","","I_2870_1","crayfish indet","I_2870_1"
322165777,"2024-07-20","10:30:00",51.074908,4.340042,29149,0,"False","Stromend water","","waterstand: eerder ondiep  / vegetatie: reuzenbalsemien, grote lisdodde, riet, grote kattenstaart / waterkleur: bruin en troebel","Ja","I_2870_2","crayfish indet","I_2870_2"
322165945,"2024-07-21","11:01:00",51.074911,4.340053,29149,0,"False","Stromend water","","waterstand: eerder ondiep  / vegetatie: reuzenbalsemien, grote lisdodde, riet, grote kattenstaart / waterkleur: bruin en troebel","Ja","I_2870_2","crayfish indet","I_2870_2"
322166077,"2024-07-22","09:34:00",51.074894,4.340048,29149,0,"False","Stromend water","","waterstand: eerder ondiep  / vegetatie: reuzenbalsemien, grote lisdodde, riet, grote kattenstaart / waterkleur: bruin en troebel","Ja","I_2870_2","crayfish indet","I_2870_2"
322166255,"2024-07-23","11:15:00",51.074881,4.340053,29149,0,"False","Stromend water","","waterstand: eerder ondiep  / vegetatie: reuzenbalsemien, grote lisdodde, riet, grote kattenstaart / waterkleur: bruin en troebel","","I_2870_2","crayfish indet","I_2870_2"
325136883,"2024-08-13","10:21:00",51.426483,4.510192,108270,0,"False","Stromend water","","Lage waterstand, bovenkant vallen net boven wateroppervlak.","Ja","I_2920_4","crayfish indet","I_2920_4"
325137223,"2024-08-14","10:13:00",51.42653,4.510182,108270,0,"False","Stromend water","","Lage waterstand, bovenkant vallen net boven wateroppervlak.","Ja","I_2920_4","crayfish indet","I_2920_4"
325137340,"2024-08-15","11:52:00",51.426473,4.510197,108270,0,"False","Stromend water","","Lage waterstand, bovenkant vallen net boven wateroppervlak.","Ja","I_2920_4","crayfish indet","I_2920_4"
325137479,"2024-08-16","11:46:00",51.426251,4.510248,108270,0,"False","Stromend water","","Lage waterstand, bovenkant vallen net boven wateroppervlak.","Ja","I_2920_4","crayfish indet","I_2920_4"
323423783,"2024-08-06","15:11:00",51.421541,4.641176,23372,0,"False","Stromend water","0","geen rivierkreeften in de fuiken (lagen in vispassage = 1 bovenstrooms voor eerste vistrap, 1 in rustbekken vistrap en 1 benedenstrooms vistrap (die op 6/8 ontdekt werd door iemand) en is verplaatst naar rustbekken op 2 drempels bovenstrooms van uitstroom vistrap.","Nee","I_2990_1","crayfish indet","I_2990_1"
323424028,"2024-08-07","17:45:00",51.421509,4.641163,23372,0,"False","Stromend water","0","geen rivierkreeften in de fuiken.","Nee","I_2990_1","crayfish indet","I_2990_1"
323424115,"2024-08-08","16:45:00",51.421487,4.641219,23372,0,"False","Stromend water","0","geen rivierkreeften in de fuiken.","Nee","I_2990_1","crayfish indet","I_2990_1"
323424196,"2024-08-09","09:45:00",51.421549,4.641214,23372,0,"False","Stromend water","0","EINDE ONDERZOEK -> geen rivierkreeften in de fuiken.","Nee","I_2990_1","crayfish indet","I_2990_1"
322117099,"2024-07-30","09:45:00",50.893535,4.728217,30910,0,"False","","","ondiepe poel ca. 4 are veel oeverplanten, weinig ondergedoken planten","","I_3010_10","crayfish indet","I_3010_10"
322117500,"2024-07-31","10:30:00",50.893535,4.728163,30910,0,"False","","","ondiepe poel ca. 4 are veel oeverplanten, weinig ondergedoken planten","","I_3010_10","crayfish indet","I_3010_10"
322848696,"2024-08-01","16:00:00",50.893531,4.728171,30910,0,"False","","","","","I_3010_10","crayfish indet","I_3010_10"
322848869,"2024-08-02","15:30:00",50.893528,4.728206,30910,0,"False","","","","","I_3010_10","crayfish indet","I_3010_10"
322116355,"2024-07-30","09:30:00",50.896223,4.723166,30910,0,"False","","","Grote ondiepe eutrofe vijver 9 ha met oeverplanten, weinig ondergedoken waterplanten","","I_3010_4","crayfish indet","I_3010_4"
322116631,"2024-07-31","10:15:00",50.896261,4.723198,30910,0,"False","","","Grote ondiepe eutrofe vijver 9 ha met oeverplanten, weinig ondergedoken waterplanten","","I_3010_4","crayfish indet","I_3010_4"
322847712,"2024-08-01","15:45:00",50.896201,4.723392,30910,0,"False","","","","","I_3010_4","crayfish indet","I_3010_4"
322848129,"2024-08-02","14:50:00",50.89631,4.723477,30910,0,"False","","","","","I_3010_4","crayfish indet","I_3010_4"
322705236,"2024-08-04","11:00:00",50.884755,4.549384,28818,0,"True","Stilstaand water","","Vijver, vegetatie bestaat uit riet","Ja","I_3070_1","crayfish indet","I_3070_1"
322844174,"2024-08-05","08:21:00",50.884819,4.548869,28818,0,"False","Stilstaand water","","","Ja","I_3070_1","crayfish indet","I_3070_1"
323012896,"2024-08-06","09:00:00",50.884882,4.549041,28818,0,"False","Stilstaand water","","","Ja","I_3070_1","crayfish indet","I_3070_1"
323215413,"2024-08-07","17:15:00",50.884882,4.548569,28818,0,"False","Stilstaand water","","","Nee","I_3070_1","crayfish indet","I_3070_1"
325795174,"2024-08-26","09:00:00",51.007118,4.966376,30998,0,"False","Stromend water","","","Ja","I_3271_1","crayfish indet","I_3271_1"
325956883,"2024-08-27","08:00:00",51.007129,4.966375,30998,0,"False","Stromend water","","","Ja","I_3271_1","crayfish indet","I_3271_1"
326023679,"2024-08-28","09:00:00",51.007124,4.966337,30998,0,"False","Stromend water","","","Ja","I_3271_1","crayfish indet","I_3271_1"
326154282,"2024-08-29","10:00:00",51.00712,4.96634,30998,0,"False","Stromend water","","","Ja","I_3271_1","crayfish indet","I_3271_1"
323254411,"2024-08-08","07:35:00",50.843315,5.103485,622566,0,"False","Stromend water","","","Nee","I_3440_6","crayfish indet","I_3440_6"
323463902,"2024-08-09","09:40:00",50.843266,5.103469,622566,0,"False","Stromend water","","","Ja","I_3440_6","crayfish indet","I_3440_6"
323802204,"2024-08-10","08:45:00",50.84327,5.103458,622566,0,"False","Stromend water","","","Ja","I_3440_6","crayfish indet","I_3440_6"
323802318,"2024-08-11","09:00:00",50.843271,5.103415,622566,0,"False","Stromend water","","","","I_3440_6","crayfish indet","I_3440_6"
317491771,"2024-07-04","08:30:00",50.436516,4.822998,42579,0,"False","","","Stromend water. Begroeide oevers.","Ja","I_3600_1","crayfish indet","I_3600_1"
317492105,"2024-07-05","08:00:00",50.958442,5.471602,29642,0,"False","","","Stromend water. begroeide oever","Ja","I_3600_1","crayfish indet","I_3600_1"
317618756,"2024-07-06","09:00:00",50.958967,5.471535,29642,0,"False","","","stromend water, begroete oever","Ja","I_3600_1","crayfish indet","I_3600_1"
317756821,"2024-07-07","09:00:00",50.958346,5.471985,29642,0,"False","","","stromend water, begroeide oever","Ja","I_3600_1","crayfish indet","I_3600_1"
318521273,"2024-07-11","13:00:00",51.164509,5.739976,94494,0,"False","","","","","I_3640_4: Uffelsebeek (51.16451, 5.73997)","crayfish indet","I_3640_4"
319534092,"2024-07-17","10:00:00",51.159132,5.801865,27557,0,"False","","","","Ja","I_3640_6: Itterbeek (51.15096, 5.77547)","crayfish indet","I_3640_6"
319535137,"2024-07-18","10:00:00",51.159227,5.802053,27557,0,"False","","","","Ja","I_3640_6: Itterbeek (51.15096, 5.77547)","crayfish indet","I_3640_6"
319864831,"2024-07-19","10:08:00",51.159295,5.802299,27557,1,"True","Stromend water","Mist 1 schaar","Helder water, niet diezp (max 50 cm), zicht tot op de bodem, riet aan de kant en beetje planten in de beek.","Ja","I_3640_6: Itterbeek (51.15096, 5.77547)","faxonius limosus","I_3640_6"
320071914,"2024-07-20","10:00:00",51.159113,5.801956,27557,1,"True","Stromend water","weinig beweging, altijd opgerold","Idem als gisteren; helder licht stromend water; niet diep met riet aan de zijkanten en een weinig vegetatie in de beek.","Nee","I_3640_6: Itterbeek (51.15096, 5.77547)","faxonius limosus","I_3640_6"
324926661,"2024-08-17","09:30:00",51.186019,5.436245,23490,0,"False","Stromend water","","","Nee","I_3900_1","crayfish indet","I_3900_1"
324927087,"2024-08-18","08:40:00",51.186019,5.436245,23490,0,"False","Stromend water","","","Nee","I_3900_1","crayfish indet","I_3900_1"
325254023,"2024-08-19","09:30:00",51.186019,5.436245,23490,0,"False","Stromend water","","","Nee","I_3900_1","crayfish indet","I_3900_1"
325254244,"2024-08-20","08:50:00",51.186019,5.436245,23490,0,"False","Stromend water","","","Nee","I_3900_1","crayfish indet","I_3900_1"
324927599,"2024-08-17","09:00:00",51.173648,5.436339,137808,0,"False","Stromend water","","","Nee","I_3900_2","crayfish indet","I_3900_2"
324928281,"2024-08-18","08:20:00",51.173648,5.436339,137808,0,"False","Stromend water","","","Nee","I_3900_2","crayfish indet","I_3900_2"
325254381,"2024-08-19","08:40:00",51.173648,5.436339,137808,0,"False","Stromend water","","","Nee","I_3900_2","crayfish indet","I_3900_2"
325254444,"2024-08-20","08:30:00",51.173648,5.436339,137808,0,"False","Stromend water","","","Nee","I_3900_2","crayfish indet","I_3900_2"
324966226,"2024-08-19","08:00:00",51.115653,5.391616,189154,0,"False","Stromend water","","","Ja","I_3990_5","crayfish indet","I_3990_5"
325141778,"2024-08-20","08:19:00",51.115862,5.39197,189154,0,"True","Stromend water","","","Ja","I_3990_5","crayfish indet","I_3990_5"
325243700,"2024-08-21","08:58:00",51.115768,5.391487,189154,0,"True","Stromend water","","","Ja","I_3990_5","crayfish indet","I_3990_5"
325340425,"2024-08-22","08:00:00",51.115647,5.391401,189154,0,"False","Stromend water","","","Nee","I_3990_5","crayfish indet","I_3990_5"
324903260,"2024-08-18","",51.303911,3.124167,31265,1,"True","Stromend water","","gracht, rietkragen, troebel water","Ja","I_8370_5","procambarus clarkii","I_8370_5"
325093628,"2024-08-19","19:28:00",51.303964,3.12457,31265,2,"True","Stromend water","","","Nee","I_8370_5","procambarus clarkii","I_8370_5"
325201335,"2024-08-20","17:18:00",51.303956,3.124505,31265,6,"True","","","","Nee","I_8370_5","procambarus clarkii","I_8370_5"
325304170,"2024-08-21","17:14:00",51.303967,3.124387,31265,4,"True","","1 zonder scharen","","Nee","I_8370_5","procambarus clarkii","I_8370_5"
325391072,"2024-08-22","",51.299058,3.105553,31257,4,"False","Stromend water","","5m brede waterloop, 1m riet, steile oevers. troebel water","Nee","I_8420_2","procambarus clarkii","I_8420_2"
325489421,"2024-08-23","",51.299055,3.10559,31257,2,"False","","","","Ja","I_8420_2","procambarus clarkii","I_8420_2"
325610498,"2024-08-24","",51.29905,3.105578,31257,2,"False","","","","Ja","I_8420_2","procambarus clarkii","I_8420_2"
325749114,"2024-08-25","",51.299054,3.10551,31257,4,"False","","","","","I_8420_2","procambarus clarkii","I_8420_2"
317040814,"2024-07-01","13:20:00",50.794657,3.340668,24038,0,"False","","","","Nee","I_8550_1","crayfish indet","I_8550_1"
317205324,"2024-07-02","17:33:00",50.79499,3.3398,24038,0,"False","","","","Ja","I_8550_1","crayfish indet","I_8550_1"
317864985,"2024-07-03","17:00:00",50.795012,3.339757,24038,0,"False","","","","Nee","I_8550_1","crayfish indet","I_8550_1"
317865548,"2024-07-04","17:30:00",50.794859,3.339823,24038,0,"False","","","","","I_8550_1","crayfish indet","I_8550_1"
317230893,"2024-06-30","19:30:00",51.025996,3.023593,24052,0,"False","Stromend water","","oever en onderwatervegitatie","Ja","I_8610_1","crayfish indet","I_8610_1"
317231304,"2024-07-01","19:30:00",51.026066,3.023694,24052,0,"False","Stromend water","","oever en onderwatervegitatie","Ja","I_8610_1","crayfish indet","I_8610_1"
317231485,"2024-07-02","19:30:00",51.025843,3.023829,24052,0,"False","Stromend water","","oever en onderwatervegitatie","Ja","I_8610_1","crayfish indet","I_8610_1"
317333692,"2024-07-03","19:30:00",51.026014,3.023679,24052,0,"True","Stromend water","","oever en onderwatervegitatie en zeer sterke stroming na de regenval van vanmorgen","Nee","I_8610_1","crayfish indet","I_8610_1"
321712628,"2024-07-24","09:00:00",51.108299,3.291626,24479,0,"False","","","","Nee","I_8730_5: Bornebeek (51.10228, 3.30014)","crayfish indet","I_8730_5"
321713223,"2024-07-25","09:00:00",51.108289,3.291605,24479,0,"False","","","","Ja","I_8730_5: Bornebeek (51.10228, 3.30014)","crayfish indet","I_8730_5"
321713846,"2024-07-26","09:00:00",51.108267,3.291581,24479,0,"False","","","","Ja","I_8730_5: Bornebeek (51.10228, 3.30014)","crayfish indet","I_8730_5"
321714271,"2024-07-27","09:00:00",51.108267,3.291592,24479,0,"False","","","","Nee","I_8730_5: Bornebeek (51.10228, 3.30014)","crayfish indet","I_8730_5"
319843065,"2024-07-11","",50.926946,3.13767,32566,0,"False","Stilstaand water","","","Ja","I_8800_3 (Jan Desmet)","crayfish indet","I_8800_3"
319843548,"2024-07-12","",50.927027,3.137412,32566,0,"False","Stilstaand water","","","Ja","I_8800_3 (Jan Desmet)","crayfish indet","I_8800_3"
319843854,"2024-07-13","",50.927,3.137498,32566,0,"False","Stilstaand water","","","Ja","I_8800_3 (Jan Desmet)","crayfish indet","I_8800_3"
319844174,"2024-07-14","",50.927027,3.137455,32566,0,"False","Stilstaand water","","","Ja","I_8800_3 (Jan Desmet)","crayfish indet","I_8800_3"
321477531,"2024-07-27","16:37:00",50.91905,3.223661,24085,0,"False","Stilstaand water","","","Ja","I_8870_6","crayfish indet","I_8870_6"
321702658,"2024-07-28","17:35:00",50.919061,3.223704,24085,0,"False","Stilstaand water","","","Ja","I_8870_6","crayfish indet","I_8870_6"
321847217,"2024-07-29","17:42:00",50.919111,3.223686,24085,0,"False","Stilstaand water","","","Ja","I_8870_6","crayfish indet","I_8870_6"
322023926,"2024-07-30","17:45:00",50.919092,3.223639,24085,0,"False","Stilstaand water","","","Nee","I_8870_6","crayfish indet","I_8870_6"
319227051,"2024-07-05","21:30:00",51.082204,3.654375,612327,0,"False","Stromend water","nvt","helder en plantenrijk","Ja","I_9031_2","crayfish indet","I_9031_2"
319227353,"2024-07-06","19:00:00",51.082225,3.654396,612327,0,"False","Stromend water","nvt","helder en plantenrijk","Ja","I_9031_2","crayfish indet","I_9031_2"
319227540,"2024-07-07","19:30:00",51.082191,3.654385,612327,0,"False","Stromend water","nvt","helder en plantenrijk","Ja","I_9031_2","crayfish indet","I_9031_2"
319227650,"2024-07-08","19:00:00",51.08218,3.654379,612327,0,"False","Stromend water","nvt","helder en plantenrijk","","I_9031_2","crayfish indet","I_9031_2"
325372315,"2024-08-06","12:00:00",51.021766,3.640636,24188,0,"False","Stromend water","","rivieroever zonder vegetatie","Nee","I_9031_3","crayfish indet","I_9031_3"
325372597,"2024-08-07","12:02:00",51.021755,3.640581,24188,1,"True","Stromend water","","Rivieroever zonder vegetatie","Nee","I_9031_3","faxonius limosus","I_9031_3"
325372762,"2024-08-08","12:06:00",51.021789,3.640544,24188,1,"True","Stromend water","groot exemplaar","Rivieroever zonder vegetatie","Nee","I_9031_3","faxonius limosus","I_9031_3"
325372920,"2024-08-09","12:00:00",51.021745,3.640565,24188,4,"True","Stromend water","","Rivieroever zonder vegetatie","Nee","I_9031_3","faxonius limosus","I_9031_3"
325552862,"2024-08-24","09:45:00",51.034654,3.751874,23153,0,"False","Stilstaand water","","","Ja","I_9050_1","crayfish indet","I_9050_1"
325663852,"2024-08-25","10:15:00",51.0346,3.7519,23153,0,"False","Stilstaand water","","","Ja","I_9050_1","crayfish indet","I_9050_1"
325793860,"2024-08-26","09:20:00",51.0346,3.7519,23153,0,"False","Stilstaand water","","","Ja","I_9050_1","crayfish indet","I_9050_1"
325903760,"2024-08-27","09:20:00",51.0346,3.7519,23153,0,"False","Stilstaand water","","","Nee","I_9050_1","crayfish indet","I_9050_1"
324768086,"2024-08-17","09:45:00",50.987353,3.717503,30680,0,"False","Stilstaand water","","","Nee","I_9052_1","crayfish indet","I_9052_1"
324927706,"2024-08-18","09:21:00",50.98734,3.717492,30680,0,"False","Stilstaand water","","","Ja","I_9052_1","crayfish indet","I_9052_1"
325420470,"2024-08-19","07:40:00",50.98734,3.717498,30680,0,"False","Stilstaand water","","Bijvangst: 1 bittervoorn","Ja","I_9052_1","crayfish indet","I_9052_1"
325421988,"2024-08-20","09:55:00",50.987335,3.717508,30680,0,"False","Stilstaand water","","Bijvangst: 1 bruine rat, 1 blankvoorn(?), 2 vetje, 1 bruine kikker larve, 5 oorvormige poelslak.","Nee","I_9052_1","crayfish indet","I_9052_1"
325858876,"2024-08-26","18:21:00",51.075397,3.813772,24117,0,"True","Stilstaand water","","","Nee","I_9070_1","crayfish indet","I_9070_1"
325968177,"2024-08-27","18:02:00",51.075961,3.814211,24118,0,"True","","","","Nee","I_9070_1","crayfish indet","I_9070_1"
326093317,"2024-08-28","18:35:00",51.075664,3.813664,24118,0,"True","","","","Ja","I_9070_1","crayfish indet","I_9070_1"
326238091,"2024-08-29","18:23:00",51.075939,3.814894,24117,0,"True","","","","","I_9070_1","crayfish indet","I_9070_1"
324215071,"2024-08-14","09:01:00",50.814726,3.92221,247763,0,"True","","","waterstand eerder laag, veel oevervegetatie","Ja","I_9506_4","crayfish indet","I_9506_4"
324215286,"2024-08-15","07:23:00",50.814759,3.922988,247763,0,"True","Stromend water","","","Ja","I_9506_4","crayfish indet","I_9506_4"
324927725,"2024-08-16","09:43:00",50.814654,3.923097,247763,0,"False","","","","Ja","I_9506_4","crayfish indet","I_9506_4"
324927964,"2024-08-17","07:38:00",50.814445,3.924375,247763,0,"False","","","","Nee","I_9506_4","crayfish indet","I_9506_4"
326258128,"2024-08-17","",50.791649,3.759967,623359,0,"False","Stromend water","","De fuiken uitgelegd net voordat het beekje onder het pad doorgaat en net erachter. Alleen daar was het water voldoende diepte om de fuiken onder water te plaatsen. Geen waterplanten. 1 bijvangst: rivierdonderpad.","","I_9660_2: Verrebeek (50.79178, 3.75986)","crayfish indet","I_9660_2"
326258299,"2024-08-18","",50.791666,3.759988,623359,0,"False","","","","Ja","I_9660_2: Verrebeek (50.79178, 3.75986)","crayfish indet","I_9660_2"
326258436,"2024-08-19","",50.791689,3.760031,623359,0,"False","","","","Nee","I_9660_2: Verrebeek (50.79178, 3.75986)","crayfish indet","I_9660_2"
326258546,"2024-08-20","",50.791655,3.759994,623359,0,"False","Stromend water","","Bijvangst: twee riviergrondels. Zie https://waarnemingen.be/observation/325177567/","","I_9660_2: Verrebeek (50.79178, 3.75986)","crayfish indet","I_9660_2"
325340951,"2024-08-22","08:53:00",50.957059,3.686724,30677,0,"False","","","Bijvangst: 1 vis (paling)","Nee","I_9820_5: Teerlinckput (50.95662, 3.686)","crayfish indet","I_9820_5"
325438958,"2024-08-23","08:04:00",50.956929,3.686426,30677,0,"False","","","Geen bijvangst.","Ja","I_9820_5: Teerlinckput (50.95662, 3.686)","crayfish indet","I_9820_5"
325573140,"2024-08-24","13:07:00",50.957087,3.686575,30677,0,"False","","","Bijvangst: 2 vissen","Ja","I_9820_5: Teerlinckput (50.95662, 3.686)","crayfish indet","I_9820_5"
325691916,"2024-08-25","10:35:00",50.956867,3.686546,30677,0,"False","","","Bijvangst: 1 vis (bittervoorn/ruisvoorn?)","Nee","I_9820_5: Teerlinckput (50.95662, 3.686)","crayfish indet","I_9820_5"
324218187,"2024-08-15","09:12:00",50.95299,3.663452,30500,0,"False","","","","Nee","I_9890_5: Kriephoek (50.95558, 3.66283)","crayfish indet","I_9890_5"
324393555,"2024-08-16","10:12:00",50.953242,3.663743,30500,0,"False","","","Bijvangst: 1 vis (leek op een paling, zijnde lang en smal)","Ja","I_9890_5: Kriephoek (50.95558, 3.66283)","crayfish indet","I_9890_5"
324635238,"2024-08-17","11:01:00",50.952975,3.663932,30500,0,"False","","","Bijvangst: 1 vis: Europese paling (?)","Ja","I_9890_5: Kriephoek (50.95558, 3.66283)","crayfish indet","I_9890_5"
324936059,"2024-08-18","09:34:00",50.953136,3.663692,30500,0,"False","","","Bijvangst: 2 vissen (waaronder een paling)","Nee","I_9890_5: Kriephoek (50.95558, 3.66283)","crayfish indet","I_9890_5"
323052185,"2024-07-30","21:00:00",51.08744,3.656202,28389,0,"False","Stilstaand water","nvt","hoog en helder water, geen bemaling bezig","Ja","I_9921_1","crayfish indet","I_9921_1"
323052860,"2024-07-31","22:00:00",51.087451,3.656196,28389,0,"False","Stilstaand water","nvt","hoog en helder water, geen bemaling bezig","Ja","I_9921_1","crayfish indet","I_9921_1"
323053193,"2024-08-01","21:00:00",51.087434,3.656241,28389,0,"False","Stilstaand water","nvt","hoog en helder water, geen bemaling bezig","Ja","I_9921_1","crayfish indet","I_9921_1"
323053431,"2024-08-02","21:00:00",51.087453,3.656218,28389,0,"False","Stilstaand water","nvt","hoog en helder water, geen bemaling bezig","Nee","I_9921_1","crayfish indet","I_9921_1"
320056033,"2024-07-18","15:04:00",51.248323,3.75345,30040,2,"True","Stilstaand water","","","Ja","I_9960_9","procambarus clarkii","I_9960_9"
321241381,"2024-07-19","12:08:00",51.2365,3.756888,30037,2,"True","Stilstaand water","","","Ja","I_9960_9","procambarus clarkii","I_9960_9"
321241546,"2024-07-20","14:27:00",51.236594,3.756752,30037,2,"True","Stilstaand water","","","Ja","I_9960_9","procambarus clarkii","I_9960_9"
321241617,"2024-07-21","11:12:00",51.23666,3.756709,30037,1,"True","Stilstaand water","","","Ja","I_9960_9","procambarus clarkii","I_9960_9"
322063673,"2024-07-18","15:35:00",51.268887,3.713016,28714,15,"True","Stromend water","","","Ja","I_9961_5","procambarus clarkii","I_9961_5"
322064397,"2024-07-19","12:54:00",51.268718,3.711893,30006,14,"True","Stromend water","","","Ja","I_9961_5","procambarus clarkii","I_9961_5"
322064644,"2024-07-20","15:06:00",51.269035,3.709526,30006,19,"True","Stromend water","","","Ja","I_9961_5","procambarus clarkii","I_9961_5"
322064865,"2024-07-21","11:49:00",51.268962,3.711672,30006,10,"True","Stromend water","","","Ja","I_9961_5","procambarus clarkii","I_9961_5"
324802710,"2024-08-08","",51.172899,5.253621,28624,0,"False","","","","Ja","V-2490-10","crayfish indet","V_2490_10"
324803034,"2024-08-09","",51.172751,5.253257,28624,0,"False","","","","Ja","V-2490-10","crayfish indet","V_2490_10"
324803110,"2024-08-10","",51.172859,5.253503,28624,0,"False","","","","Ja","V-2490-10","crayfish indet","V_2490_10"
324803189,"2024-08-11","",51.172771,5.253348,28624,0,"False","","","","Ja","V-2490-10","crayfish indet","V_2490_10"
323213010,"2024-08-03","",51.172812,5.243473,28624,0,"False","","","","Ja","V-2490-7","crayfish indet","V_2490_7"
323213264,"2024-08-04","",51.172919,5.243788,28624,0,"False","","","","Ja","V-2490-7","crayfish indet","V_2490_7"
323213516,"2024-08-05","",51.17293,5.243845,28624,0,"False","","","","Ja","V-2490-7","crayfish indet","V_2490_7"
323213666,"2024-08-06","",51.172926,5.243815,28624,0,"False","","","","Ja","V-2490-7","crayfish indet","V_2490_7"
323213936,"2024-08-03","",51.173589,5.244204,28624,0,"False","","","","Ja","V-2490-8","crayfish indet","V_2490_8"
323214102,"2024-08-04","",51.173599,5.244775,28624,0,"False","","","","Ja","V-2490-8","crayfish indet","V_2490_8"
323214371,"2024-08-05","",51.173606,5.244765,28624,0,"False","","","","Ja","V-2490-8","crayfish indet","V_2490_8"
323214723,"2024-08-06","",51.173592,5.244789,28624,0,"False","","","","Ja","V-2490-8","crayfish indet","V_2490_8"
324801913,"2024-08-08","",51.173653,5.252532,28624,0,"False","","","","Ja","V-2490-9","crayfish indet","V_2490_9"
324802061,"2024-08-09","",51.17372,5.252516,28624,0,"False","","","","Ja","V-2490-9","crayfish indet","V_2490_9"
324802272,"2024-08-10","",51.173612,5.252559,28624,0,"False","","","","Ja","V-2490-9","crayfish indet","V_2490_9"
324802414,"2024-08-11","",51.173632,5.252554,28624,0,"False","","","","Ja","V-2490-9","crayfish indet","V_2490_9"
318980283,"2024-07-12","",51.147139,5.134381,29170,0,"False","","","","Ja","V-2491-1","crayfish indet","V_2491_1"
318980547,"2024-07-13","",51.147223,5.134596,29170,0,"False","","","","","V-2491-1","crayfish indet","V_2491_1"
320665999,"2024-07-14","",51.147139,5.13436,29170,0,"False","","","","","V-2491-1","crayfish indet","V_2491_1"
320666381,"2024-07-15","",51.147156,5.134413,29170,0,"False","","","","Ja","V-2491-1","crayfish indet","V_2491_1"
320998542,"2024-07-23","",51.14624,5.141065,29170,0,"False","","","","Ja","V-2491-3","crayfish indet","V_2491_3"
321001912,"2024-07-24","11:42:00",51.146156,5.141065,29170,1,"True","Stilstaand water","","complex van ondiepe vijvers met veel plantengroei","Ja","V-2491-3","faxonius limosus","V_2491_3"
321393387,"2024-07-25","",51.146134,5.141073,29170,1,"True","Stilstaand water","","vijver ondiep","Ja","V-2491-3","faxonius limosus","V_2491_3"
321394363,"2024-07-26","11:49:00",51.146153,5.141129,29170,1,"True","Stilstaand water","","vijver ondiep","Ja","V-2491-3","faxonius limosus","V_2491_3"
320998755,"2024-07-23","",51.145877,5.142235,133757,0,"False","","","","Ja","V-2491-4","crayfish indet","V_2491_4"
321002140,"2024-07-24","",51.145783,5.142267,133757,0,"False","","","","Ja","V-2491-4","crayfish indet","V_2491_4"
321393966,"2024-07-25","",51.145769,5.142288,133757,0,"False","Stromend water","","heiloop","Ja","V-2491-4","crayfish indet","V_2491_4"
321394659,"2024-07-26","",51.145581,5.142353,133757,0,"False","","","","Ja","V-2491-4","crayfish indet","V_2491_4"
322668048,"2024-07-27","",51.143555,5.127252,29170,0,"False","","","","Ja","V-2491-6","crayfish indet","V_2491_6"
322668166,"2024-07-28","",51.143562,5.127252,29170,0,"False","","","","Ja","V-2491-6","crayfish indet","V_2491_6"
322668222,"2024-07-29","",51.143548,5.127214,29170,0,"False","","","","Ja","V-2491-6","crayfish indet","V_2491_6"
322668450,"2024-07-30","",51.143562,5.127321,29170,0,"False","","","","Ja","V-2491-6","crayfish indet","V_2491_6"
322115113,"2024-07-30","08:30:00",50.892544,4.723383,30910,0,"False","Stilstaand water","","","","V-3010-11","crayfish indet","V_3010_11"
322115530,"2024-07-31","09:30:00",50.892554,4.723389,30910,0,"False","","","","","V-3010-11","crayfish indet","V_3010_11"
321769145,"2024-07-18","10:00:00",50.848635,4.79736,31050,0,"False","Stromend water","","","Nee","V.3360.2","crayfish indet","V_3360_2"
321769502,"2024-07-19","10:00:00",50.84889,4.797189,31050,0,"False","Stromend water","","","Nee","V.3360.2","crayfish indet","V_3360_2"
321769705,"2024-07-20","10:00:00",50.848939,4.797103,31050,0,"False","Stromend water","","","Ja","V.3360.2","crayfish indet","V_3360_2"
321769842,"2024-07-21","10:00:00",50.848966,4.797146,31050,0,"False","Stromend water","","","Nee","V.3360.2","crayfish indet","V_3360_2"
320317703,"2024-07-20","17:30:00",51.227998,5.497975,189427,0,"False","","","","Nee","V.3910.11","crayfish indet","V_3910_11"
320318345,"2024-07-21","21:00:00",51.227299,5.505471,189427,0,"False","","","","Ja","V.3910.11","crayfish indet","V_3910_11"
320573426,"2024-07-22","",51.227899,5.499297,189427,0,"False","","","","Ja","V.3910.11","crayfish indet","V_3910_11"
320859382,"2024-07-23","21:30:00",51.227702,5.500655,189427,0,"False","","","","Nee","V.3910.11","crayfish indet","V_3910_11"
320839764,"2024-07-23","19:30:00",51.12162,4.700007,28990,0,"False","","","","Nee","V_2222_4","crayfish indet","V_2222_4"
321027570,"2024-07-24","16:00:00",51.121578,4.70014,28990,0,"False","","","","","V_2222_4","crayfish indet","V_2222_4"
321220715,"2024-07-25","19:30:00",51.121596,4.700082,28990,0,"False","","","","Ja","V_2222_4","crayfish indet","V_2222_4"
321393254,"2024-07-26","17:00:00",51.12163,4.700061,28990,0,"False","","","","Nee","V_2222_4","crayfish indet","V_2222_4"
323561048,"2024-08-10","08:26:00",51.110584,5.060751,23324,9,"True","Stromend water","","","Ja","V_2450_2","procambarus clarkii","V_2450_2"
323663177,"2024-08-11","09:00:00",51.114356,5.064458,23324,5,"True","Stromend water","","","Nee","V_2450_2","procambarus clarkii","V_2450_2"
323821831,"2024-08-12","07:30:00",51.113999,5.065249,23324,4,"True","Stromend water","","","Ja","V_2450_2","procambarus clarkii","V_2450_2"
323957636,"2024-08-13","07:30:00",51.114062,5.065005,23324,4,"True","Stromend water","","traag stromend water, lage rivierstand (ongeveer 50 cm), veel vegetatie langs de oevers (kalmoes)","","V_2450_2","procambarus clarkii","V_2450_2"
325318698,"2024-08-18","17:00:00",51.150774,5.188175,28278,0,"False","","","","Ja","V_2490_13","crayfish indet","V_2490_13"
325318922,"2024-08-19","19:30:00",51.150816,5.188122,28278,0,"False","","","","Ja","V_2490_13","crayfish indet","V_2490_13"
325319058,"2024-08-20","20:00:00",51.150834,5.188165,28278,0,"False","","","","Ja","V_2490_13","crayfish indet","V_2490_13"
325319141,"2024-08-21","19:30:00",51.150813,5.188143,28278,0,"False","","","","","V_2490_13","crayfish indet","V_2490_13"
325319297,"2024-08-18","17:15:00",51.150662,5.187027,28278,0,"False","","","","Ja","V_2490_14","crayfish indet","V_2490_14"
325319443,"2024-08-19","19:45:00",51.150638,5.187049,28278,1,"False","","","","Ja","V_2490_14","crayfish indet","V_2490_14"
325319727,"2024-08-20","20:15:00",51.150674,5.187006,28278,0,"False","","","","Ja","V_2490_14","crayfish indet","V_2490_14"
325319810,"2024-08-21","",51.150668,5.187027,28278,0,"False","","","","","V_2490_14","crayfish indet","V_2490_14"
322166959,"2024-07-24","09:15:00",51.075417,4.338824,29121,0,"False","Stilstaand water","","waterstand: eerder ondiep  / vegetatie: bosrandvegetatie, witte waterlelie / waterkleur: donkergrijs en zeer troebel","Ja","V_2870_7","crayfish indet","V_2870_7"
322167225,"2024-07-25","10:45:00",51.07542,4.338835,29121,0,"False","Stilstaand water","","waterstand: eerder ondiep  / vegetatie: bosrandvegetatie, witte waterlelie / waterkleur: donkergrijs en zeer troebel","Ja","V_2870_7","crayfish indet","V_2870_7"
322167429,"2024-07-26","12:00:00",51.07542,4.338841,29121,0,"False","Stilstaand water","","waterstand: eerder ondiep  / vegetatie: bosrandvegetatie, witte waterlelie / waterkleur: donkergrijs en zeer troebel","Ja","V_2870_7","crayfish indet","V_2870_7"
322167745,"2024-07-27","10:44:00",51.07542,4.338835,29121,0,"False","Stilstaand water","","waterstand: eerder ondiep  / vegetatie: bosrandvegetatie, witte waterlelie / waterkleur: donkergrijs en zeer troebel","","V_2870_7","crayfish indet","V_2870_7"
322847170,"2024-08-01","14:45:00",50.892554,4.723378,30910,1,"True","Stilstaand water","zie foto","Ondiepe poel  < 1 are veel oevervegetatie, geen ondergedoken planten. Bijvulling met bronwater","","V_3010_11","procambarus virginalis","V_3010_11"
322847472,"2024-08-02","14:00:00",50.89255,4.723389,30910,2,"False","Stilstaand water","","Ondiepe poel  < 1 are veel oevervegetatie, geen ondergedoken planten. Bijvulling met bronwater","","V_3010_11","procambarus virginalis","V_3010_11"
322118654,"2024-07-30","09:15:00",50.896428,4.71745,30910,0,"False","","","Tijdelijke poel / ondergelopen wilgenbroekbos. Staat enkel vol water bij hoge grondwaterstanden","","V_3010_14","crayfish indet","V_3010_14"
322118871,"2024-07-31","10:00:00",50.896411,4.717338,30910,0,"False","","","Tijdelijke poel / ondergelopen wilgenbroekbos. Staat enkel vol water bij hoge grondwaterstanden","","V_3010_14","crayfish indet","V_3010_14"
322849154,"2024-08-01","15:30:00",50.89648,4.717716,30910,0,"False","","","","","V_3010_14","crayfish indet","V_3010_14"
322849352,"2024-08-02","14:30:00",50.896534,4.717759,30910,0,"False","","","","","V_3010_14","crayfish indet","V_3010_14"
323834068,"2024-08-12","08:37:00",50.88499,4.562044,30929,0,"False","Stromend water","","","Ja","V_3078_1","crayfish indet","V_3078_1"
323954994,"2024-08-13","07:30:00",50.88513,4.562247,30929,0,"False","Stromend water","","Een rivier maar met zeer laag debiet","Ja","V_3078_1","crayfish indet","V_3078_1"
324182311,"2024-08-14","13:37:00",50.885008,4.562387,30929,0,"False","Stromend water","","De storm heeft een grote hoeveelheid bladeren en takken in de vallen doen stromen er was ook veel meer modder in het water.","Ja","V_3078_1","crayfish indet","V_3078_1"
324229096,"2024-08-15","10:09:00",50.884985,4.562236,30929,0,"True","Stromend water","","Zie foto","Nee","V_3078_1","crayfish indet","V_3078_1"
323012368,"2024-08-03","10:00:00",51.162423,5.740845,94494,0,"False","Stromend water","","","Ja","V_3640_15","crayfish indet","V_3640_15"
323013609,"2024-08-04","10:00:00",51.162497,5.740544,94494,0,"False","Stromend water","","","Ja","V_3640_15","crayfish indet","V_3640_15"
323014989,"2024-08-05","10:00:00",51.162524,5.740523,94494,1,"True","Stromend water","Levendig, actief","Aabeek, natuurlijke beek met begroeing.(zie foto) Best veel rottende bladeren op de bodem.","Ja","V_3640_15","faxonius limosus","V_3640_15"
323016523,"2024-08-06","09:43:00",51.162571,5.740373,94494,1,"True","Stromend water","Actief, levendig. zocht telkens zo snel mogelijk de schaduw/dekking op.","Aabeek. Stromend water met begroeing. Veel rotttende bladeren op de bodem.","Nee","V_3640_15","faxonius limosus","V_3640_15"
324957982,"2024-08-01","",50.907888,3.191116,35064,0,"False","Stilstaand water","","","Ja","V_8870_7 (Jan Desmet)","crayfish indet","V_8870_7"
324958156,"2024-08-02","",50.907942,3.191417,35064,0,"False","Stilstaand water","","","Ja","V_8870_7 (Jan Desmet)","crayfish indet","V_8870_7"
324959197,"2024-08-03","",50.90805,3.191288,35064,0,"False","Stilstaand water","","","Ja","V_8870_7 (Jan Desmet)","crayfish indet","V_8870_7"
324959320,"2024-08-04","",50.908023,3.19146,35064,0,"False","Stilstaand water","","","Ja","V_8870_7 (Jan Desmet)","crayfish indet","V_8870_7"
319213020,"2024-07-16","09:00:00",51.136393,4.166816,32512,0,"False","Stromend water","","","Ja","V_9140_1","crayfish indet","V_9140_1"
319443439,"2024-07-17","10:00:00",51.135982,4.167526,32512,0,"False","Stromend water","","","","V_9140_1","crayfish indet","V_9140_1"
319467186,"2024-07-18","07:00:00",51.135659,4.167483,32512,0,"False","Stromend water","","","Ja","V_9140_1","crayfish indet","V_9140_1"
319876992,"2024-07-19","10:00:00",51.135783,4.167355,32512,0,"False","Stromend water","","","Nee","V_9140_1","crayfish indet","V_9140_1"
321802308,"2024-07-21","10:00:00",51.016,3.534769,27417,0,"False","","","","Ja","V_9800_18","crayfish indet","V_9800_18"
321802579,"2024-07-22","10:00:00",51.016041,3.534949,27417,0,"False","","","","Ja","V_9800_18","crayfish indet","V_9800_18"
321802766,"2024-07-23","10:00:00",51.016058,3.534982,27417,0,"False","","","","Nee","V_9800_18","crayfish indet","V_9800_18"
321803006,"2024-07-24","10:00:00",51.016047,3.534998,27417,0,"False","","","","Ja","V_9800_18","crayfish indet","V_9800_18"
325342536,"2024-08-17","",50.977769,3.711346,30649,0,"True","Stilstaand water","","","Nee","i.9820.8","crayfish indet","I_9820_8"
325342744,"2024-08-18","",50.97781,3.711335,30649,0,"False","Stilstaand water","","","Ja","i.9820.8","crayfish indet","I_9820_8"
325342817,"2024-08-19","",50.977844,3.711324,30649,0,"False","","","","Nee","i.9820.8","crayfish indet","I_9820_8"
325342861,"2024-08-20","",50.97768,3.711351,30649,0,"False","Stilstaand water","","","Nee","i.9820.8","crayfish indet","I_9820_8"
325343011,"2024-08-17","",50.971643,3.712327,27440,0,"True","Stilstaand water","","","Nee","v.9820.9","crayfish indet","V_9820_9"
325343126,"2024-08-18","",50.971681,3.712574,133812,0,"False","Stilstaand water","","","Nee","v.9820.9","crayfish indet","V_9820_9"
325343271,"2024-08-19","",50.971684,3.712349,133812,0,"False","Stilstaand water","","","Nee","v.9820.9","crayfish indet","V_9820_9"
325343374,"2024-08-20","",50.971422,3.712285,27440,0,"False","Stilstaand water","","","Nee","v.9820.9","crayfish indet","V_9820_9"
325893867,"2024-08-27","",51.259502,3.562756,29970,0,"False","Stilstaand water","","Open water met rietkraag","Nee","I.9982.8","crayfish indet","I_9982_8"
326021800,"2024-08-28","",51.259454,3.562799,29970,0,"False","Stilstaand water","","Open water met rietkraag","Ja","I.9982.8","crayfish indet","I_9982_8"
326148337,"2024-08-29","",51.259488,3.562783,29970,0,"False","Stilstaand water","","Open water met rietkraag","Nee","I.9982.8","crayfish indet","I_9982_8"
325986121,"2024-08-27","19:30:00",51.070377,4.762824,29042,0,"False","","","","","I_2221_1","crayfish indet","I_2221_1"
326104716,"2024-08-28","19:30:00",51.070382,4.762846,29042,0,"False","","","","","I_2221_1","crayfish indet","I_2221_1"
326242239,"2024-08-29","19:30:00",51.070282,4.762844,29042,0,"False","","","","Ja","I_2221_1","crayfish indet","I_2221_1"
326358628,"2024-08-25","10:00:00",51.106524,3.8263,24118,0,"False","Stilstaand water","","I.9080.5","Ja","I.9080.5","crayfish indet","I_9080_5"
326358963,"2024-08-26","07:00:00",51.106093,3.826278,24118,0,"False","Stilstaand water","","I.9080.5","Ja","I.9080.5","crayfish indet","I_9080_5"
326359083,"2024-08-27","07:00:00",51.106632,3.826472,24118,0,"False","Stilstaand water","","fuik komt maar juist onder het wateroppervlak","Ja","I.9080.5","crayfish indet","I_9080_5"
326359220,"2024-08-28","07:00:00",51.106696,3.826568,24118,0,"False","Stilstaand water","","fuik komt maar juist onder het wateroppervlak","Ja","I.9080.5","crayfish indet","I_9080_5"
326332031,"2024-08-30","08:06:00",51.259453,3.562794,29970,0,"False","Stilstaand water","","Open water met rietkraag","Nee","I.9982.8","crayfish indet","I_9982_8"
326394116,"2024-08-30","19:30:00",51.070302,4.762844,29042,0,"False","","","","","I_2221_1","crayfish indet","I_2221_1"
326388098,"2024-08-30","10:00:00",51.008728,4.99206,30996,0,"False","Stromend water","","","Ja","I_3271_4","crayfish indet","I_3271_4"
326454436,"2024-08-31","08:00:00",51.008726,4.992103,28482,0,"False","Stromend water","","","Ja","I_3271_4","crayfish indet","I_3271_4"
326529813,"2024-09-01","09:00:00",51.008714,4.992092,28482,0,"False","Stromend water","","","Ja","I_3271_4","crayfish indet","I_3271_4"
326325863,"2024-08-30","12:57:00",51.248356,5.417231,189899,1,"True","Stilstaand water","zeer kleine stippen over volledige lijf, klein oranje puntje op uiteinde van de scharen","licht stromend water (vijver met aanvoer van water), Lage waterstand, weinig water vegetatie","Nee","I_3910_13","faxonius limosus","I_3910_13"
326332589,"2024-08-30","13:30:00",51.267917,5.428351,24350,0,"False","","","","Nee","I_3910_6","crayfish indet","I_3910_6"
326332231,"2024-08-30","13:15:00",51.249765,5.416437,24350,0,"False","Stromend water","","","Nee","V_3910_14","crayfish indet","V_3910_14"
326825010,"2024-09-03","10:00:00",50.892604,4.721294,30910,2,"False","Stilstaand water","","Ondiepe vijver. ca. 0,75 ha. Vrijwel geen ondergedoken waterplanten. Wel oeverplanten. Diepte max. 1m50","","I-3010-5","procambarus virginalis","I_3010_5"
327094213,"2024-09-04","10:30:00",50.892699,4.721176,30910,2,"False","Stilstaand water","","","","I-3010-5","procambarus virginalis","I_3010_5"
327094356,"2024-09-05","13:45:00",50.892435,4.72138,30910,5,"False","Stilstaand water","","","Ja","I-3010-5","procambarus virginalis","I_3010_5"
327172782,"2024-09-06","10:30:00",50.892678,4.721197,30910,10,"False","Stilstaand water","","","Nee","I-3010-5","procambarus virginalis","I_3010_5"
326825678,"2024-09-03","10:45:00",50.892888,4.720822,30910,24,"False","Stilstaand water","","Ondiepe vijver. Vrijwel geen ondergedoken waterplanten. Vrijwel geen oeverplanten. Veel eendenkroos. Diepte max. 1m50","","I-3010-8","procambarus virginalis","I_3010_8"
327094640,"2024-09-04","10:40:00",50.892862,4.720766,30910,1,"False","Stilstaand water","","","Nee","I-3010-8","procambarus virginalis","I_3010_8"
327094911,"2024-09-05","14:15:00",50.892922,4.720876,30910,4,"False","Stilstaand water","","","Ja","I-3010-8","procambarus virginalis","I_3010_8"
327172557,"2024-09-06","11:00:00",50.892787,4.720801,30910,8,"False","Stilstaand water","","","","I-3010-8","procambarus virginalis","I_3010_8"
326876766,"2024-09-03","08:20:00",51.078621,4.432149,29328,0,"False","","","Oude Netearm, afgesloten vijver met eendenkroos. Omgeven door Japanse Duizendknoop, Reuzenbalsemien, grote brandnetel. Vlakbij de dijk van de Nete.","Ja","I_2840_4: Oude Netearm","crayfish indet","I_2840_4"
327031549,"2024-09-04","07:50:00",51.078688,4.431982,29328,0,"False","Stilstaand water","","","Nee","I_2840_4: Oude Netearm","crayfish indet","I_2840_4"
327066651,"2024-09-05","09:25:00",51.078608,4.431998,29328,0,"False","","","","Ja","I_2840_4: Oude Netearm","crayfish indet","I_2840_4"
327166963,"2024-09-06","09:10:00",51.078442,4.432041,29328,0,"False","","","","","I_2840_4: Oude Netearm","crayfish indet","I_2840_4"
326705372,"2024-09-02","09:00:00",51.00871,4.992081,28482,0,"False","Stromend water","","","Ja","I_3271_4","crayfish indet","I_3271_4"
327141625,"2024-08-31","12:29:00",51.248355,5.417263,189899,1,"True","Stilstaand water","zeer kleine stippen over volledige lijf, klein oranje puntje op uiteinde van de scharen","licht stromend water (vijver met aanvoer van water), Lage waterstand, weinig water vegetatie","Nee","I_3910_13","faxonius limosus","I_3910_13"
327141940,"2024-09-01","11:03:00",51.248361,5.417258,189899,1,"True","Stilstaand water","zeer kleine stippen over volledige lijf, klein oranje puntje op uiteinde van de scharen","licht stromend water (vijver met aanvoer van water), Lage waterstand, weinig water vegetatie","Nee","I_3910_13","faxonius limosus","I_3910_13"
327142222,"2024-09-02","12:24:00",51.248359,5.417279,189899,2,"True","Stilstaand water","zeer kleine stippen over volledige lijf, klein oranje puntje op uiteinde van de scharen","licht stromend water (vijver met aanvoer van water), Lage waterstand, weinig water vegetatie","Nee","I_3910_13","faxonius limosus","I_3910_13"
327138689,"2024-09-02","10:30:00",51.235917,5.421453,23490,0,"False","Stromend water","","","Nee","I_3910_2","crayfish indet","I_3910_2"
327138785,"2024-09-03","10:30:00",51.23591,5.421415,23490,0,"False","Stromend water","","","Nee","I_3910_2","crayfish indet","I_3910_2"
327138839,"2024-09-04","10:00:00",51.235929,5.421447,23490,0,"False","Stromend water","","","Nee","I_3910_2","crayfish indet","I_3910_2"
327138938,"2024-09-05","11:30:00",51.235924,5.421415,23490,0,"False","Stromend water","","","Nee","I_3910_2","crayfish indet","I_3910_2"
327143135,"2024-08-31","13:15:00",51.267928,5.428308,24350,0,"False","Stromend water","","","Nee","I_3910_6","crayfish indet","I_3910_6"
327143194,"2024-09-01","11:45:00",51.267941,5.428319,24350,0,"False","Stromend water","","","Nee","I_3910_6","crayfish indet","I_3910_6"
327143394,"2024-09-02","13:00:00",51.267934,5.428351,24350,0,"False","Stromend water","","","Nee","I_3910_6","crayfish indet","I_3910_6"
327104337,"2024-08-31","14:15:00",51.057501,3.096607,252648,0,"False","","","","Ja","I_8820_3","crayfish indet","I_8820_3"
327104518,"2024-09-01","14:45:00",51.057468,3.096571,252648,0,"False","","","","Ja","I_8820_3","crayfish indet","I_8820_3"
327104727,"2024-09-02","18:00:00",51.05761,3.096719,252648,0,"False","","","","Ja","I_8820_3","crayfish indet","I_8820_3"
327104875,"2024-09-03","18:45:00",51.057621,3.096735,252648,0,"False","","","","Nee","I_8820_3","crayfish indet","I_8820_3"
326751552,"2024-09-02","18:58:00",51.090364,3.879547,27395,0,"True","","","","Nee","I_9080_2","crayfish indet","I_9080_2"
326910083,"2024-09-03","18:25:00",51.090294,3.879289,27395,0,"True","","","","","I_9080_2","crayfish indet","I_9080_2"
327021257,"2024-09-04","17:55:00",51.090306,3.879147,27395,0,"True","","","","Ja","I_9080_2","crayfish indet","I_9080_2"
327123544,"2024-09-05","18:47:00",51.090303,3.879233,27395,0,"True","","","","","I_9080_2","crayfish indet","I_9080_2"
327142753,"2024-08-31","12:45:00",51.249742,5.416313,24350,0,"False","Stromend water","","","Nee","V_3910_14","crayfish indet","V_3910_14"
327142889,"2024-09-01","11:15:00",51.249722,5.416308,24350,0,"False","Stromend water","","","Nee","V_3910_14","crayfish indet","V_3910_14"
327142924,"2024-09-02","12:30:00",51.249715,5.416346,24350,0,"False","Stromend water","","","Nee","V_3910_14","crayfish indet","V_3910_14"
325342869,"2024-08-22","09:10:00",50.972598,3.700424,30643,0,"False","Stilstaand water","","Geen bijvangst","Nee","V_9840_5","crayfish indet","V_9840_5"
325439036,"2024-08-23","08:06:00",50.972711,3.700457,30643,0,"False","Stilstaand water","","Geen bijvangst","Nee","V_9840_5","crayfish indet","V_9840_5"
325549678,"2024-08-24","09:50:00",50.972855,3.700477,30643,0,"False","Stilstaand water","","Bijvangst: 1 baars + 2 voorn.","Ja","V_9840_5","crayfish indet","V_9840_5"
326880341,"2024-09-03","16:05:00",51.172278,4.630983,28924,1,"True","Stilstaand water","Geen rivierkreeft","Stijle oever, hoge wilde begroeiing, bruin water en weinig tot geen stroming","Ja","I_2520_1","crayfish indet","I_2520_1"
326990006,"2024-09-04","15:50:00",51.172839,4.631572,28924,0,"False","","","","Ja","I_2520_1","crayfish indet","I_2520_1"
327096976,"2024-09-05","14:30:00",51.173086,4.63228,28924,0,"False","","","","","I_2520_1","crayfish indet","I_2520_1"
326957295,"2024-09-04","09:00:00",51.18962,4.429494,84331,0,"False","Stilstaand water","","","Nee","I_2600_2","crayfish indet","I_2600_2"
327083248,"2024-09-05","09:50:00",51.189644,4.429531,84331,0,"False","Stilstaand water","","","Ja","I_2600_2","crayfish indet","I_2600_2"
327901338,"2024-08-19","16:01:00",50.876687,4.404282,23165,0,"True","","","","Ja","2.I_2180_1","crayfish indet","I_2180_1"
327902090,"2024-08-20","15:35:00",51.301514,4.372936,29261,0,"False","","","","Ja","2.I_2180_1","crayfish indet","I_2180_1"
327902445,"2024-08-21","19:34:00",51.301407,4.372679,29261,0,"False","","","","Ja","2.I_2180_1","crayfish indet","I_2180_1"
327903180,"2024-08-22","17:15:00",51.299561,4.37812,29261,1,"True","","","","","2.I_2180_1","crayfish indet","I_2180_1"
327666008,"2024-09-10","10:15:00",51.224795,4.526303,192191,0,"False","","","","Nee","I_2110_1","crayfish indet","I_2110_1"
327733842,"2024-09-11","10:30:00",51.224852,4.526061,192191,0,"False","Stilstaand water","","","","I_2110_1","crayfish indet","I_2110_1"
327804970,"2024-09-12","10:20:00",51.224859,4.526094,192191,0,"False","","","","Ja","I_2110_1","crayfish indet","I_2110_1"
327867287,"2024-09-13","10:10:00",51.224869,4.526222,192191,0,"False","","","","Nee","I_2110_1","crayfish indet","I_2110_1"
327204193,"2024-09-06","14:30:00",51.171946,4.630005,28924,1,"True","Stromend water","Bruin grijs, stekeltjes op de wangen met oranje puntjes op de scharen, klein formaat, was heel beweeglijk en verdedigend","Licht stromend, helder water, kleine rotsen in het water, hoge begroeiing aan de kant","Ja","I_2520_1","faxonius limosus","I_2520_1"
327270199,"2024-09-06","09:00:00",51.18966,4.429542,84331,0,"False","Stilstaand water","","","Ja","I_2600_2","crayfish indet","I_2600_2"
327270513,"2024-09-07","08:45:00",51.189639,4.429531,84331,0,"False","Stilstaand water","","","","I_2600_2","crayfish indet","I_2600_2"
327660947,"2024-09-10","09:21:00",51.291797,3.247979,31656,9,"True","Stilstaand water","4 vrouwlijke 5 mannelijke","Natuurlijke oever, normale waterstand, gemaaid rietkraag","Ja","I_8380_2","procambarus clarkii","I_8380_2"
327724062,"2024-09-11","07:43:00",51.291731,3.248082,31656,20,"True","Stromend water","13 vrouwlijke en 7 mannelijke","Hoger waterstand, licht stromend,natuurlijke oever,gemaaide rietkraag","Nee","I_8380_2","procambarus clarkii","I_8380_2"
327790079,"2024-09-12","08:31:00",51.291724,3.248233,31656,12,"True","Stromend water","8 mannelijke en 4 vrouwlijke waarvan 1 vrouw dragen was van jonge kreeftjes","Normale waterstand,natuurlijke oevers,gemaaid rietkraag","Ja","I_8380_2","procambarus clarkii","I_8380_2"
327856615,"2024-09-13","07:45:00",51.291761,3.248032,31656,10,"True","Stromend water","7 vrouwlijke 3 mannelijke, 1 vrouwlijke was drager van larven","Ligt stromend, natuurlijke oever, gemaaid rietkraag","Nee","I_8380_2","procambarus clarkii","I_8380_2"
328063918,"2024-09-15","09:38:00",51.268619,3.197302,31286,10,"True","Stromend water","6 vrouwlijke 4 mannelijke","Oever bezet met steen,rietkragen, normale waterstand","Nee","I_8380_3","procambarus clarkii","I_8380_3"
328187724,"2024-09-16","08:05:00",51.268595,3.197381,31286,10,"True","Stromend water","7 mannelijke 3 vrouwlijke","Stenen oever, rietkraag, ligt stromend water, normale waterstand","Ja","I_8380_3","procambarus clarkii","I_8380_3"
328276568,"2024-09-17","07:30:00",51.268775,3.197294,31286,9,"True","Stromend water","5 mannelijke 4 vrouwlijke","Ligt stromend, stenen oever, rietkraag, normale waterstand","Nee","I_8380_3","procambarus clarkii","I_8380_3"
328438978,"2024-09-18","19:23:00",51.269747,3.190161,31286,6,"True","Stromend water","4 mannelijke 2 vrouwlijke","Stenen oever, rietkraag, normale waterstand, ligt stromend","Nee","I_8380_3","procambarus clarkii","I_8380_3"
327668113,"2024-09-10","08:00:00",51.192443,2.946385,32247,0,"False","Stilstaand water","","Fuiken leeg. Lage oever met lage begroeiing die weinig tot niet overhangt.","Nee","I_8400_6","crayfish indet","I_8400_6"
327749451,"2024-09-11","08:30:00",51.192534,2.946193,32247,0,"False","Stilstaand water","","Fuiken leeg. Lage oever met lage begroeiing die weinig tot niet overhangt.","Ja","I_8400_6","crayfish indet","I_8400_6"
327799420,"2024-09-12","08:30:00",51.192653,2.946327,32247,0,"False","Stilstaand water","","Fuiken leeg. Lage oever met lage begroeiing die weinig tot niet overhangt.","","I_8400_6","crayfish indet","I_8400_6"
327904641,"2024-09-13","10:30:00",51.192658,2.946289,32247,0,"False","Stagnant water","","","No","I_8400_6","crayfish indet","I_8400_6"
327596705,"2024-09-05","20:00:00",51.068613,3.696081,24109,0,"False","Stilstaand water","nvt","troebel, quasi geen waterplanten","Ja","I_9000_2","crayfish indet","I_9000_2"
327596851,"2024-09-06","18:00:00",51.06863,3.696081,24109,0,"False","Stilstaand water","nvt","troebel, quasi geen waterplanten","Ja","I_9000_2","crayfish indet","I_9000_2"
327597224,"2024-09-07","15:30:00",51.06864,3.696065,24109,0,"False","Stilstaand water","nvt","troebel, quasi geen waterplanten","Ja","I_9000_2","crayfish indet","I_9000_2"
327597375,"2024-09-08","15:45:00",51.068638,3.69607,24109,0,"False","Stilstaand water","nvt","troebel, quasi geen waterplanten","Nee","I_9000_2","crayfish indet","I_9000_2"
327706024,"2024-09-10","14:36:00",51.189504,4.038481,28411,7,"True","Stromend water","","","Nee","I_9111_1","procambarus clarkii","I_9111_1"
327753286,"2024-09-11","10:58:00",51.1895,4.0385,28411,20,"True","Stromend water","","","Nee","I_9111_1","procambarus clarkii","I_9111_1"
327825538,"2024-09-12","10:49:00",51.1895,4.0385,28411,13,"True","Stromend water","","","Nee","I_9111_1","procambarus clarkii","I_9111_1"
327882740,"2024-09-13","10:48:00",51.1895,4.0385,28411,14,"True","Stromend water","","","","I_9111_1","procambarus clarkii","I_9111_1"
328330862,"2024-09-12","16:40:00",51.255025,4.123161,24128,0,"False","Stilstaand water","","50-100cm diep stilstaand water met gele plomp en andere waterplanten","Ja","I_9170_6","crayfish indet","I_9170_6"
328331273,"2024-09-13","16:10:00",51.254873,4.122813,24128,0,"False","Stilstaand water","","50-100cm diep stilstaand water met gele plomp en andere waterplanten","Ja","I_9170_6","crayfish indet","I_9170_6"
328331759,"2024-09-14","15:20:00",51.254685,4.123242,24128,0,"False","Stilstaand water","","50-100cm diep stilstaand water met gele plomp en andere waterplanten","Ja","I_9170_6","crayfish indet","I_9170_6"
328332056,"2024-09-15","16:30:00",51.254658,4.123113,24128,0,"False","Stilstaand water","","50-100cm diep met gele plomp en andere waterplanten","Ja","I_9170_6","crayfish indet","I_9170_6"
327779066,"2024-09-07","17:10:00",51.23693,4.120592,24128,0,"False","","","50-100cm diep, waterplanten, rietkraag","Ja","I_9170_9","crayfish indet","I_9170_9"
327779327,"2024-09-08","16:13:00",51.236766,4.120581,24128,0,"False","Stilstaand water","","50-100cm diep, waterplanten, rietkraag","Ja","I_9170_9","crayfish indet","I_9170_9"
327779425,"2024-09-09","12:10:00",51.236605,4.120624,24128,0,"False","Stilstaand water","","50-100cm diep, waterplanten, rietkraag","Ja","I_9170_9","crayfish indet","I_9170_9"
327779512,"2024-09-10","12:16:00",51.23674,4.120452,24128,0,"False","Stilstaand water","","50-100cm diep, waterplanten, rietkraag","Ja","I_9170_9","crayfish indet","I_9170_9"
327261323,"2024-08-27","20:00:00",51.045765,4.114791,27402,0,"False","Stromend water","","","Nee","V-9200-16","crayfish indet","V_9200_16"
328019962,"2024-08-28","09:30:00",51.203645,5.378863,23489,0,"False","Stromend water","","Ongeveer 30 cm water (fuik net onder water), veel waterplanten","Nee","V_3900_5","crayfish indet","V_3900_5"
328020137,"2024-08-29","10:00:00",51.203645,5.378874,137809,0,"False","Stromend water","","Ongeveer 30 cm water (fuik net onder water), veel waterplanten","Nee","V_3900_5","crayfish indet","V_3900_5"
328020290,"2024-08-30","08:15:00",51.203654,5.37891,137809,0,"False","Stromend water","","Ongeveer 30 cm water (fuik net onder water), veel waterplanten","Nee","V_3900_5","crayfish indet","V_3900_5"
328020435,"2024-08-31","09:00:00",51.203649,5.378885,137809,0,"False","Stromend water","","Ongeveer 30 cm water (fuik net onder water), veel waterplanten","Nee","V_3900_5","crayfish indet","V_3900_5"
328032773,"2024-08-28","09:45:00",51.208197,5.395096,23489,0,"False","Stromend water","","","Nee","V_3900_6","crayfish indet","V_3900_6"
328032842,"2024-08-29","10:15:00",51.208193,5.395144,23489,0,"False","Stromend water","","Ongeveer 30 cm water (fuik net onder water), veel waterplanten","Nee","V_3900_6","crayfish indet","V_3900_6"
328032934,"2024-08-30","08:40:00",51.208205,5.395025,23489,0,"False","Stromend water","","Ongeveer 30 cm water (fuik net onder water), veel waterplanten","Nee","V_3900_6","crayfish indet","V_3900_6"
328033044,"2024-08-31","09:15:00",51.208146,5.395048,23489,0,"False","Stromend water","","Ongeveer 30 cm water (fuik net onder water), veel waterplanten","Nee","V_3900_6","crayfish indet","V_3900_6"
328443052,"2024-09-10","10:30:00",51.235475,5.409456,23490,0,"False","Stromend water","","","Nee","V_3910_15","crayfish indet","V_3910_15"
328443093,"2024-09-11","10:30:00",51.235471,5.409585,23490,0,"False","Stromend water","","","Nee","V_3910_15","crayfish indet","V_3910_15"
328443122,"2024-09-12","10:00:00",51.23544,5.409515,23490,0,"False","Stromend water","","","Nee","V_3910_15","crayfish indet","V_3910_15"
328443176,"2024-09-13","11:30:00",51.235491,5.409499,23490,1,"False","Stromend water","","","Nee","V_3910_15","crayfish indet","V_3910_15"
327723469,"2024-08-25","09:30:00",50.972908,3.700521,30643,0,"False","Stilstaand water","bijvangst: verschillende vissen","","Nee","V_9840_5","crayfish indet","V_9840_5"
328290255,"2024-09-13","17:00:00",51.060572,4.803053,28599,0,"False","Running water","","","Yes","i_2235_1 (3stuks vallen)","crayfish indet","I_2235_1"
328290427,"2024-09-14","17:00:00",51.060384,4.802903,28599,0,"False","Running water","","","Yes","i_2235_1 (3stuks vallen)","crayfish indet","I_2235_1"
328290555,"2024-09-15","17:00:00",51.060289,4.802753,28599,0,"False","Running water","","","Yes","i_2235_1 (3stuks vallen)","crayfish indet","I_2235_1"
328290659,"2024-09-16","17:00:00",51.06037,4.802839,28599,0,"False","Running water","","","Yes","i_2235_1 (3stuks vallen)","crayfish indet","I_2235_1"
327906000,"2024-09-04","16:46:00",51.346062,4.430956,191336,0,"False","","","","Ja","i_2950_2","crayfish indet","I_2950_2"
327906485,"2024-09-05","17:25:00",51.34629,4.429606,191336,0,"False","","","","Ja","i_2950_2","crayfish indet","I_2950_2"
327906773,"2024-09-06","18:27:00",51.346309,4.430035,191336,0,"False","","","","Ja","i_2950_2","crayfish indet","I_2950_2"
327907090,"2024-09-07","19:10:00",51.346274,4.429627,191336,0,"False","","","","","i_2950_2","crayfish indet","I_2950_2"
327261473,"2024-08-28","20:15:00",51.045762,4.114786,27402,0,"False","","","","Ja","v-9200-16","crayfish indet","V_9200_16"
327261585,"2024-08-29","17:40:00",51.045748,4.114813,27402,0,"False","Stromend water","","","Ja","v-9200-16","crayfish indet","V_9200_16"
327261676,"2024-08-30","20:15:00",51.045759,4.114797,27402,0,"False","Stromend water","","","","v-9200-16","crayfish indet","V_9200_16"
