"id","date","time","lat","lng","location.id","number.of.individuals","has.photo","Finding.place.crayfish","Description.crayfish","Description.finding.place.crayfish","I.replaced.the.bait","Code.sample.location","soort"
317534542,"2024-07-03","09:00:00",51.263173,4.587717,191336,0,"False","","","","","","crayfish indet"
317534812,"2024-07-04","14:00:00",51.263309,4.587532,191336,0,"False","","","","","","crayfish indet"
321252671,"2024-07-26","",50.802738,3.755582,27527,0,"False","Stilstaand water","","Eén van de 3 fuiken is verdwenen (diefstal), samen met de piket en het touw. Beide andere fuiken waren leeg.","","","crayfish indet"
321745411,"2024-07-25","12:30:00",51.144733,3.707671,30311,0,"False","","","","","","crayfish indet"
321918401,"2024-07-30","",51.076721,5.673457,28335,0,"False","","","","Nee","","crayfish indet"
322898699,"2024-08-03","12:30:00",50.930266,5.387014,29600,0,"False","","","","","","crayfish indet"
323443784,"2024-08-09","11:00:00",51.137145,3.331861,31541,0,"False","Stromend water","","","Nee","","crayfish indet"
323534254,"2024-07-29","",50.811625,3.780309,84526,0,"False","Stromend water","","","Ja","","crayfish indet"
323534405,"2024-07-30","",50.811635,3.780325,84526,0,"False","Stromend water","","","","","crayfish indet"
324015722,"2024-08-13","",51.023527,5.586205,29799,0,"False","","","","Nee","","crayfish indet"
324085730,"2024-08-14","06:55:00",50.905181,3.412797,24076,0,"False","","","","Nee","","crayfish indet"
324086567,"2024-08-14","",50.908623,3.389988,31817,0,"False","","","","Nee","","crayfish indet"
324204685,"2024-08-13","",51.26702,4.885176,28301,0,"False","Running water","","","No","","crayfish indet"
324207702,"2024-08-15","",50.903894,3.408474,24076,0,"False","","","","Ja","","crayfish indet"
324207983,"2024-08-15","",50.907477,3.394281,31817,0,"False","","","","Ja","","crayfish indet"
324367947,"2024-08-16","",50.905821,3.412423,24076,0,"False","","","","Nee","","crayfish indet"
325185725,"2024-08-13","07:35:00",51.141141,3.560238,28742,0,"False","","","","Ja","","crayfish indet"
325186010,"2024-08-14","08:10:00",51.140811,3.561974,28742,0,"False","","","","Ja","","crayfish indet"
325186179,"2024-08-15","",51.140877,3.561695,28742,0,"False","","","","Ja","","crayfish indet"
325186407,"2024-08-16","07:55:00",51.123866,3.568196,30293,0,"False","","","","Ja","","crayfish indet"
325186603,"2024-08-17","",51.123761,3.56854,30291,0,"False","","","","Ja","","crayfish indet"
325186998,"2024-08-18","08:50:00",51.123715,3.568475,30293,0,"False","","","","Ja","","crayfish indet"
325438105,"2024-08-23","07:48:00",50.929477,3.424734,28524,0,"False","","","","Nee","","crayfish indet"
325439206,"2024-08-23","",50.920256,3.415709,28523,0,"False","","","","Nee","","crayfish indet"
322989843,"2024-08-06","09:00:00",51.261275,3.577298,29970,0,"False","","","","Nee","","procambarus clarkii"
317941960,"2024-07-08","10:00:00",51.164695,5.739369,94494,0,"False","","","","Ja","1. I_3640_4: Uffelsebeek (51.16451, 5.73997)","crayfish indet"
318180909,"2024-07-09","10:00:00",51.164447,5.740024,94494,0,"False","","","","Ja","1. I_3640_4: Uffelsebeek (51.16451, 5.73997)","crayfish indet"
318304262,"2024-07-10","09:00:00",51.16452,5.740048,94494,0,"False","","","","Ja","1. I_3640_4: Uffelsebeek (51.16451, 5.73997)","crayfish indet"
324949776,"2024-08-19","07:00:00",51.225937,4.857352,29376,0,"False","","","","Nee","2275 1,2,3 Poederlee, Groesaard","crayfish indet"
325131408,"2024-08-20","07:00:00",51.225749,4.857609,29376,0,"False","Stromend water","","","Nee","2275 1,2,3 Poederlee, Groesaard","crayfish indet"
325320907,"2024-08-21","",51.225802,4.857738,29376,0,"False","Stromend water","","","Ja","2275 1,2,3 Poederlee, Groesaard","crayfish indet"
325417592,"2024-08-22","07:00:00",51.225797,4.857888,29376,0,"False","Stromend water","","","Nee","2275 1,2,3 Poederlee, Groesaard","crayfish indet"
326179106,"2024-08-29","07:00:00",51.243352,4.872941,27149,0,"False","","","","","2460 01","crayfish indet"
325971636,"2024-08-27","07:00:00",51.243325,4.872984,27149,0,"False","","","","Nee","2460 02","crayfish indet"
325971782,"2024-08-27","07:00:00",51.24343,4.872887,27149,0,"False","","","","Nee","2460 03","crayfish indet"
325790113,"2024-08-26","09:03:00",51.243301,4.872823,27149,0,"True","Stromend water","3 zonnebaarzen","","Nee","2460 1","crayfish indet"
325932378,"2024-08-27","07:00:00",49.814859,5.350685,704503,0,"False","Stromend water","","","Ja","2460 1","crayfish indet"
325790389,"2024-08-26","09:00:00",51.243456,4.873016,27149,0,"False","","","","Nee","2460 2","crayfish indet"
326179203,"2024-08-29","",51.243209,4.872737,27149,0,"False","","","","","2460 2","crayfish indet"
325790613,"2024-08-26","09:00:00",51.243249,4.872788,27149,0,"True","Stromend water","1 paling","","Nee","2460 3","crayfish indet"
326179298,"2024-08-29","07:00:00",51.243585,4.873338,27149,0,"False","","","","","2460 3","crayfish indet"
321439007,"2024-07-26","07:37:00",50.830684,4.544091,30931,0,"False","Stagnant water","","Vossemvijver","Yes","50°49'51.8""N 4°32'40.4""E","crayfish indet"
321440285,"2024-07-26","07:37:00",50.830605,4.544477,30931,0,"False","Stagnant water","","Vossemvijver","Yes","50°49'51.8""N 4°32'40.4""E","crayfish indet"
321441429,"2024-07-27","07:30:00",50.830656,4.544349,30931,0,"False","Stagnant water","","Vossemvijver","Yes","50°49'51.8""N 4°32'40.4""E","crayfish indet"
322657444,"2024-07-29","18:30:00",50.830803,4.544992,30931,0,"False","Stagnant water","","Vossemvijver","No","50°49'51.8""N 4°32'40.4""E","crayfish indet"
322658165,"2024-07-28","14:30:00",50.830461,4.54495,23388,0,"False","Stagnant water","","Vossemvijver","Yes","50°49'51.8""N 4°32'40.4""E","crayfish indet"
323985242,"2024-08-13","",50.908385,3.390499,31817,0,"False","","","","Nee","8710","crayfish indet"
324368728,"2024-08-16","07:02:00",50.908723,3.389943,598936,0,"False","","","","Nee","8710","crayfish indet"
324948338,"2024-08-19","",50.928983,3.424375,28524,0,"False","","","","Ja","8710","crayfish indet"
325127752,"2024-08-20","",50.930166,3.425328,28524,0,"False","","","","Nee","8710","crayfish indet"
325237511,"2024-08-21","08:15:00",50.929282,3.4246,28524,0,"False","","","","Nee","8710","crayfish indet"
325337677,"2024-08-22","07:51:00",50.929217,3.424381,28524,0,"False","","","","Ja","8710","crayfish indet"
324951260,"2024-08-19","",50.920352,3.415374,28523,0,"False","","","","Ja","8720","crayfish indet"
325238574,"2024-08-21","08:40:00",50.919826,3.415757,28523,0,"False","","","","Nee","8720","crayfish indet"
325340114,"2024-08-22","08:38:00",50.920204,3.415325,28523,0,"False","","","","Ja","8720","crayfish indet"
323984586,"2024-08-13","11:30:00",50.905549,3.413011,24076,0,"False","","","","Nee","8793","crayfish indet"
318279785,"2024-07-08","10:00:00",51.151598,5.137836,133753,0,"False","Stilstaand water","","","Ja","I 2490 1","crayfish indet"
318279914,"2024-07-09","10:00:00",51.151598,5.137868,133753,0,"False","Stilstaand water","","","Ja","I 2490 1","crayfish indet"
318280149,"2024-07-10","09:00:00",51.151593,5.137849,133753,0,"False","Stilstaand water","","","Ja","I 2490 1","crayfish indet"
318280349,"2024-07-08","10:30:00",51.148017,5.134596,133787,0,"False","Stilstaand water","","","Ja","I 2490 1","crayfish indet"
318280603,"2024-07-09","10:30:00",51.148058,5.134585,133787,0,"False","Stilstaand water","","","Ja","I 2490 1","crayfish indet"
318280790,"2024-07-10","09:30:00",51.148051,5.134596,133787,0,"False","Stilstaand water","","","","I 2490 1","crayfish indet"
325914301,"2024-08-25","10:30:00",51.153923,2.803416,27244,0,"False","","","","Yes","I 8433-5","crayfish indet"
325914679,"2024-08-26","08:30:00",51.157846,2.804577,27244,0,"False","Running water","","","Yes","I 8433-5","crayfish indet"
325914891,"2024-08-27","08:45:00",51.157655,2.804912,27244,0,"False","Running water","","","Yes","I 8433-5","crayfish indet"
326052070,"2024-08-28","10:00:00",51.156858,2.805467,27244,0,"False","","","","Yes","I 8433-5","crayfish indet"
326231325,"2024-08-29","18:30:00",51.157432,2.804119,27244,0,"False","Running water","","","No","I 8433-5","crayfish indet"
322062702,"2024-07-31","09:00:00",51.302453,4.538679,29288,0,"False","Stilstaand water","","ondiep, waterpest, t°=23,6, PH=7,2 Geleidbaarheid=380","Nee","I-2930-6","crayfish indet"
322228080,"2024-08-01","09:30:00",51.302359,4.538711,29288,1,"True","Stilstaand water","zie foto's. weinig levendig","ondiep veel waterpest water 23°","Ja","I-2930-6","faxonius limosus"
324903960,"2024-08-13","09:00:00",51.248273,4.598645,191336,0,"False","","","PH6,8 Geleidbaarheid 396 weinig waterplanten","Nee","I-2970-2","crayfish indet"
324904169,"2024-08-14","09:00:00",51.248283,4.598666,191336,0,"False","","","","Nee","I-2970-2","crayfish indet"
324904378,"2024-08-15","",51.248461,4.598382,191336,0,"False","","","","Nee","I-2970-2","crayfish indet"
324904501,"2024-08-16","",51.248276,4.59861,191336,0,"False","","","","Nee","I-2970-2","crayfish indet"
319102920,"2024-07-15","16:52:00",50.881965,4.213592,27743,0,"False","Stilstaand water","","","Ja","I.1700.1","crayfish indet"
319644756,"2024-07-17","16:52:00",50.881646,4.21456,27743,0,"False","Stilstaand water","","","Ja","I.1700.1","crayfish indet"
319645234,"2024-07-18","16:52:00",50.881734,4.214453,27743,0,"False","Stilstaand water","","","Ja","I.1700.1","crayfish indet"
320785398,"2024-07-20","16:52:00",50.881631,4.214576,27743,0,"False","Stilstaand water","","","","I.1700.1","crayfish indet"
320786293,"2024-07-23","16:52:00",50.881645,4.214877,27743,0,"False","Stilstaand water","","","","I.1700.1","crayfish indet"
324161271,"2024-08-10","11:00:00",51.167002,4.377103,29421,0,"False","","","Natuurreservaat fort 7 wilrijk","Ja","I.2610.2","crayfish indet"
324161673,"2024-08-11","10:30:00",51.163765,4.374185,29421,0,"False","Stilstaand water","","Natuurreservaat fort 7 wilrijk - 3 locaties sterker verspreid dan10 meter","Ja","I.2610.2","crayfish indet"
324162122,"2024-08-12","10:30:00",51.165149,4.373885,29421,0,"False","Stilstaand water","","Natuurreservaat fort 7 wilrijk","Ja","I.2610.2","crayfish indet"
324156190,"2024-08-14","11:44:00",51.165394,4.367739,29422,3,"True","Stilstaand water","Gedetermineerd volgens INBO tabel. Tweede dag fuiken","Water gestegen na onweer. 1 fuik met stukgebeten voedingszakje. Zonder vangst.","Ja","I.2610.2","procambarus virginalis"
324234970,"2024-08-15","11:00:00",51.165559,4.368254,29422,20,"True","Stilstaand water","Sommige marmerkreeftjes hebben rood aangelopen achterlijf. Wel stekels op tweede pootlid","Dag na hevige regen. Gracht schoonselhof","Ja","I.2610.3","procambarus virginalis"
324402928,"2024-08-16","10:43:00",51.16565,4.369322,29422,5,"True","Stilstaand water","1 groot exemplaar met maar 1 schaar","Regenweer. Gracht schoonselhof","Ja","I.2610.3","procambarus virginalis"
324160973,"2024-08-09","11:00:00",51.166876,4.376802,29421,0,"False","Stilstaand water","Geen","Natuurreservaat fort 7 wilrijk","Ja","I.2610.3 fort 7 wilrijk","crayfish indet"
318178915,"2024-07-09","10:00:00",51.291929,4.546666,28291,4,"True","","zie foto's","Inham van kanaal/aarvederkruid/ maaswater licht basisch/bijvangst 15 zonnebaars","Nee","I.2900-3","faxonius limosus"
318375287,"2024-07-10","09:37:00",51.291977,4.546902,28291,1,"True","Stromend water","zie foto's","Inham van kanaal/aarvederkruid/ PH=7,3 geleidbaarheid 410/bijvangst 1 zonnebaars","Ja","I.2900-3","faxonius limosus"
318526484,"2024-07-11","14:15:00",51.29195,4.546902,28291,1,"False","","één schaar verloren ,levendig","Inham van kanaal/aarvederkruid/ maaswater licht basisch/bijvangst 1 snoekje 5 zonnebaars","Ja","I.2900-3","faxonius limosus"
318615396,"2024-07-12","09:50:00",51.292004,4.546988,28291,2,"True","","zie foto's","Inham van kanaal/aarvederkruid/ 6 zonnebaars 1 snoek 1 zwartbekgrondel","Nee","I.2900-3","faxonius limosus"
317535409,"2024-07-05","09:00:00",51.262661,4.587972,191336,0,"False","Stilstaand water","","ijzerrijk troebel, bladafval","Nee","I.2970.1 Antitankgracht","crayfish indet"
317665037,"2024-07-06","09:00:00",51.262852,4.587961,191336,0,"False","","","","","I.2970.1 Antitankgracht","crayfish indet"
326358628,"2024-08-25","10:00:00",51.106524,3.8263,24118,0,"False","Stilstaand water","","I.9080.5","Ja","I.9080.5","crayfish indet"
326358963,"2024-08-26","07:00:00",51.106093,3.826278,24118,0,"False","Stilstaand water","","I.9080.5","Ja","I.9080.5","crayfish indet"
326359083,"2024-08-27","07:00:00",51.106632,3.826472,24118,0,"False","Stilstaand water","","fuik komt maar juist onder het wateroppervlak","Ja","I.9080.5","crayfish indet"
326359220,"2024-08-28","07:00:00",51.106696,3.826568,24118,0,"False","Stilstaand water","","fuik komt maar juist onder het wateroppervlak","Ja","I.9080.5","crayfish indet"
325930460,"2024-08-27","13:43:00",51.174538,4.003626,30827,2,"True","Stromend water","","Kanaal Van Stekene","Ja","I.9112.4","procambarus clarkii"
325341355,"2024-08-22","",51.268888,3.56127,29953,0,"False","Stilstaand water","","Open water met rietkraag","Nee","I.9982.11.","crayfish indet"
325439105,"2024-08-23","",51.268861,3.561319,29953,0,"False","Stilstaand water","","Open water met rietkraag","","I.9982.11.","crayfish indet"
325126871,"2024-08-20","07:40:00",51.268904,3.561426,29953,2,"True","Stilstaand water","2 mannetjes","Open water met rietkraag","Nee","I.9982.11.","procambarus clarkii"
325237713,"2024-08-21","08:17:00",51.268865,3.561383,29953,2,"True","Stilstaand water","2 man","Open water met rietkraag","Ja","I.9982.11.","procambarus clarkii"
323961585,"2024-08-13","08:52:00",51.261265,3.584385,30068,2,"True","Stilstaand water","2 mannetjes","Open ondiep water met rietkraag","Nee","I.9982.5","procambarus clarkii"
324090783,"2024-08-14","08:04:00",51.261316,3.584537,30068,3,"True","Stilstaand water","3 mannetjes","Open water aan rietkraag ondiep","Ja","I.9982.5","procambarus clarkii"
324215412,"2024-08-15","08:35:00",51.261326,3.584574,30068,2,"True","Stilstaand water","2 mannetjes","Open water aan rietkraag ondiep","Nee","I.9982.5","procambarus clarkii"
324369979,"2024-08-16","07:23:00",51.261311,3.584563,30068,2,"True","Stilstaand water","2 mannetjes","Open water aan rietkraag ondiep","","I.9982.5","procambarus clarkii"
323124703,"2024-08-07","",51.261284,3.57728,29970,0,"False","Stilstaand water","","Open water aan rietkraag","Ja","I.9982.6","crayfish indet"
323124946,"2024-08-06","09:00:00",51.261283,3.577256,29970,0,"False","Stilstaand water","","Open water aan rietkraag","","I.9982.6","crayfish indet"
323394342,"2024-08-09","08:17:00",51.261276,3.577253,29970,0,"False","Stilstaand water","","Open water met rietkraag","","I.9982.6","crayfish indet"
323256214,"2024-08-08","08:17:00",51.261297,3.577321,29970,1,"True","Stilstaand water","Mannetje","Open water aan rand rietkraag","Nee","I.9982.6","procambarus clarkii"
325893867,"2024-08-27","",51.259502,3.562756,29970,0,"False","Stilstaand water","","Open water met rietkraag","Nee","I.9982.8","crayfish indet"
326021800,"2024-08-28","",51.259454,3.562799,29970,0,"False","Stilstaand water","","Open water met rietkraag","Ja","I.9982.8","crayfish indet"
326148337,"2024-08-29","",51.259488,3.562783,29970,0,"False","Stilstaand water","","Open water met rietkraag","Nee","I.9982.8","crayfish indet"
326332031,"2024-08-30","08:06:00",51.259453,3.562794,29970,0,"False","Stilstaand water","","Open water met rietkraag","Nee","I.9982.8","crayfish indet"
322062111,"2024-07-30","09:30:00",51.302527,4.538603,190112,0,"False","Stilstaand water","","ondiep veel waterpest","Nee","I2930-6","crayfish indet"
322354156,"2024-08-02","08:30:00",51.30244,4.538561,29288,0,"False","Stilstaand water","","","","I2930-6","crayfish indet"
325915072,"2024-08-25","09:45:00",51.149899,2.807113,27244,0,"False","Running water","","","Yes","I8433-6","crayfish indet"
325915217,"2024-08-26","08:15:00",51.148612,2.806785,27244,0,"False","Running water","","","Yes","I8433-6","crayfish indet"
325915402,"2024-08-27","08:45:00",51.152974,2.808262,27244,0,"False","Running water","","","Yes","I8433-6","crayfish indet"
326052197,"2024-08-28","10:15:00",51.152662,2.808683,27244,0,"False","Stagnant water","","","Yes","I8433-6","crayfish indet"
326231111,"2024-08-29","18:00:00",51.15267,2.808237,27244,0,"False","Running water","","","No","I8433-6","crayfish indet"
325444529,"2024-08-23","09:20:00",50.744916,4.25048,23218,0,"False","Stromend water","","","Nee","I_1501_1","crayfish indet"
325552399,"2024-08-24","",50.745126,4.250513,23218,0,"False","Stromend water","","","Ja","I_1501_1","crayfish indet"
325658067,"2024-08-25","",50.745423,4.250544,23218,0,"False","Stromend water","","","","I_1501_1","crayfish indet"
325791245,"2024-08-26","",50.745229,4.250538,23218,0,"False","Stromend water","","","","I_1501_1","crayfish indet"
325586192,"2024-08-24","10:20:00",50.712128,4.224559,678000,0,"False","","","","","I_1502_1","crayfish indet"
326169114,"2024-08-26","08:20:00",50.711974,4.224576,678000,0,"False","","","","Ja","I_1502_1","crayfish indet"
326169271,"2024-08-27","08:00:00",50.711948,4.224603,678000,0,"False","","","","","I_1502_1","crayfish indet"
324804423,"2024-08-18","08:40:00",50.798658,4.282112,23225,0,"False","Stromend water","","","Ja","I_1600_4","crayfish indet"
324966412,"2024-08-19","08:35:00",50.798326,4.282595,23225,0,"False","","","","Ja","I_1600_4","crayfish indet"
324995120,"2024-08-18","08:50:00",50.798273,4.28242,23225,0,"True","Stromend water","","Geen kreeften, wel een paling in 1 van de vallen.","Ja","I_1600_4","crayfish indet"
325154311,"2024-08-20","11:40:00",50.798312,4.282538,23225,0,"False","","","Lagere waterstand dan gisteren - geen kreeft, wel een kikker","Ja","I_1600_4","crayfish indet"
325243498,"2024-08-21","09:05:00",50.798336,4.282525,23225,0,"False","","","","Nee","I_1600_4","crayfish indet"
321247973,"2024-07-26","08:15:00",50.721949,4.327873,713742,0,"False","Stilstaand water","","","Nee","I_1640_2","crayfish indet"
325584766,"2024-07-27","09:15:00",50.722343,4.327528,713742,0,"False","","","","Ja","I_1640_2","crayfish indet"
325585192,"2024-07-28","09:05:00",50.722416,4.32757,713742,0,"False","","","","Ja","I_1640_2","crayfish indet"
325585433,"2024-07-29","08:15:00",50.722482,4.327416,713742,0,"False","","","","","I_1640_2","crayfish indet"
321248375,"2024-07-26","08:45:00",50.723422,4.285306,24514,0,"False","Stromend water","","","Nee","I_1653_1","crayfish indet"
325583562,"2024-07-27","09:45:00",50.723378,4.285458,23234,0,"False","","","","Ja","I_1653_1","crayfish indet"
325583768,"2024-07-28","09:30:00",50.723481,4.285372,24514,0,"False","","","","","I_1653_1","crayfish indet"
325583901,"2024-07-29","08:45:00",50.723449,4.286101,694777,0,"False","","","","","I_1653_1","crayfish indet"
326279559,"2024-08-30","",50.756272,4.26582,23235,0,"False","Stromend water","","","Nee","I_1654_2","crayfish indet"
326673868,"2024-09-02","",50.756269,4.265815,23235,0,"False","Stromend water","","","Nee","I_1654_2","crayfish indet"
326673997,"2024-09-01","",50.756252,4.265831,23235,0,"False","Stromend water","","","","I_1654_2","crayfish indet"
326674057,"2024-08-31","",50.756269,4.265812,23235,0,"False","","","","Nee","I_1654_2","crayfish indet"
325986121,"2024-08-27","19:30:00",51.070377,4.762824,29042,0,"False","","","","","I_2221_1","crayfish indet"
326104716,"2024-08-28","19:30:00",51.070382,4.762846,29042,0,"False","","","","","I_2221_1","crayfish indet"
326242239,"2024-08-29","19:30:00",51.070282,4.762844,29042,0,"False","","","","Ja","I_2221_1","crayfish indet"
326394116,"2024-08-30","19:30:00",51.070302,4.762844,29042,0,"False","","","","","I_2221_1","crayfish indet"
326393747,"2024-08-29","17:30:00",51.048664,4.783235,23292,0,"False","","","","","I_2221_2","crayfish indet"
326394086,"2024-08-30","17:00:00",51.0484,4.78325,23292,0,"False","Stromend water","","","Ja","I_2221_2","crayfish indet"
322170188,"2024-07-31","19:30:00",51.126083,4.759722,23301,0,"False","","","","","I_2270_3","crayfish indet"
322340221,"2024-08-01","20:45:00",51.125855,4.760487,23301,0,"False","","","","Ja","I_2270_3","crayfish indet"
322463680,"2024-08-02","19:30:00",51.125862,4.760337,23301,0,"False","","","","","I_2270_3","crayfish indet"
322754737,"2024-08-03","11:00:00",51.125886,4.760296,23301,0,"False","","","","","I_2270_3","crayfish indet"
324405368,"2024-08-14","14:30:00",51.266509,4.888341,29532,0,"False","","","","","I_2275_2","crayfish indet"
324406046,"2024-08-15","14:30:00",51.266982,4.885405,28301,0,"False","Running water","","","","I_2275_2","crayfish indet"
324406470,"2024-08-16","10:31:00",51.266926,4.885319,28301,0,"False","Running water","","","No","I_2275_2","crayfish indet"
324406786,"2024-08-13","10:31:00",51.265196,4.838284,29374,0,"False","Running water","","","","I_2275_3: Laakbeek","crayfish indet"
324407294,"2024-08-14","10:31:00",51.265466,4.838258,29374,0,"False","Running water","","","No","I_2275_3: Laakbeek","crayfish indet"
324407488,"2024-08-15","10:31:00",51.265415,4.838269,29374,0,"False","Running water","","","","I_2275_3: Laakbeek","crayfish indet"
324407647,"2024-08-16","10:31:00",51.265357,4.838262,29374,0,"False","Running water","","","No","I_2275_3: Laakbeek","crayfish indet"
323422604,"2024-08-06","15:00:00",51.44514,4.747207,23309,0,"False","Stromend water","0","Alle fuiken -> benedenstrooms brug 1 fuik (F2) langs oever (met springbalsemien), Bovenstrooms brug (2 fuiken) op 10 m van elkaar. In geen enkele fuik zaten kreeften.","Nee","I_2321_1","crayfish indet"
323422947,"2024-08-07","17:30:00",51.44511,4.747234,23309,0,"False","Stromend water","0","geen rivierkreeften in de fuiken.","Nee","I_2321_1","crayfish indet"
323423046,"2024-08-08","16:00:00",51.445095,4.747274,23309,0,"False","Stromend water","0","Geen rivierkreeften in de fuiken.","Nee","I_2321_1","crayfish indet"
323423273,"2024-08-09","09:10:00",51.445086,4.747236,23309,0,"True","Stromend water","0","EINDE ONDERZOEK: Geen rivierkreeften in de fuiken, wel 1 zonnebaars (zie bijlage)","Nee","I_2321_1","crayfish indet"
321096776,"2024-07-25","08:30:00",51.312911,4.837182,23314,0,"False","Stromend water","","Stromend , troebel ,veel riet","Nee","I_2340_1","crayfish indet"
321247430,"2024-07-26","08:30:00",51.312823,4.837621,23314,0,"False","Stromend water","","laag stromend , troebel water, veel riet","Ja","I_2340_1","crayfish indet"
321412229,"2024-07-27","10:00:00",51.3264,4.8578,23314,0,"False","Stromend water","","laag stromend , troebel water, veel riet","Nee","I_2340_1","crayfish indet"
321583817,"2024-07-28","10:15:00",51.312776,4.837418,23314,0,"False","Stromend water","","laag stromend , troebel water, veel riet","","I_2340_1","crayfish indet"
321911704,"2024-07-30","",51.33305,4.862486,73340,0,"False","Stilstaand water","","oude kleiput, visput","","I_2340_2","crayfish indet"
322080581,"2024-07-31","10:05:00",51.333052,4.863167,73340,1,"False","Stilstaand water","","oude kleiput, visput","Ja","I_2340_2","crayfish indet"
322299309,"2024-08-01","15:30:00",51.333089,4.862663,73340,0,"False","Stilstaand water","","oude kleiput, visput","Ja","I_2340_2","crayfish indet"
322458484,"2024-08-02","19:30:00",51.333143,4.862748,73340,1,"False","Stilstaand water","","","Ja","I_2340_2","faxonius limosus"
323832780,"2024-08-12","09:03:00",51.334392,5.118288,23317,0,"False","Stromend water","","Zeer lage waterstand: water tot aan ingang fuiken. Geen vegetatie aanwezig, maar links van 3e fuik gele lis en grote egelskop aanwezig in waterloop","Ja","I_2370_1","crayfish indet"
323966492,"2024-08-13","09:20:00",51.334336,5.118331,23317,0,"False","Stromend water","","","Ja","I_2370_1","crayfish indet"
324195292,"2024-08-14","11:00:00",51.334354,5.118341,23317,0,"False","Stromend water","","","Ja","I_2370_1","crayfish indet"
324348398,"2024-08-15","08:10:00",51.33435,5.118331,23317,0,"False","Stromend water","","","Nee","I_2370_1","crayfish indet"
319196498,"2024-07-16","10:30:00",51.179042,5.111883,29167,0,"False","","","hoge waterstand, drijvend fonteinkruid, sterrenkroos","Nee","I_2400_2","crayfish indet"
319522968,"2024-07-17","10:30:00",51.179026,5.112006,29167,0,"False","","","","Nee","I_2400_2","crayfish indet"
319524267,"2024-07-18","11:00:00",51.179005,5.112028,29167,0,"False","","","","Nee","I_2400_2","crayfish indet"
319842628,"2024-07-19","10:30:00",51.179019,5.112038,29167,0,"False","","","","Nee","I_2400_2","crayfish indet"
325523731,"2024-08-20","10:31:00",51.243711,4.913056,27149,0,"False","Running water","","","No","I_2460_10 Kaliebeek Tielen","crayfish indet"
325523832,"2024-08-21","10:31:00",51.243697,4.913122,27149,0,"False","Running water","","","No","I_2460_10 Kaliebeek Tielen","crayfish indet"
325523879,"2024-08-22","10:31:00",51.243683,4.913143,27149,0,"False","Running water","","","No","I_2460_10 Kaliebeek Tielen","crayfish indet"
325523918,"2024-08-23","10:31:00",51.243698,4.913094,27149,0,"False","Running water","","","No","I_2460_10 Kaliebeek Tielen","crayfish indet"
326305903,"2024-08-29","09:30:00",51.150577,5.153173,28278,0,"False","Running water","","Hoolstmolen","No","I_2491_7","crayfish indet"
326306045,"2024-08-30","09:00:00",51.150914,5.153393,28278,0,"False","Running water","","Hoolstmolen","No","I_2491_7","crayfish indet"
325815971,"2024-08-17","11:00:00",51.180617,4.373122,29431,0,"False","Stromend water","geen kreeften, enkel groene kikker gevangen","Hollebeek, nieuwe locatie, vier dagen achter elkaar geen kreeften gevangen","Ja","I_2610_4","crayfish indet"
326017093,"2024-08-28","07:10:00",51.171564,4.460533,71784,0,"False","Stilstaand water","","","Nee","I_2640_1","crayfish indet"
326273898,"2024-08-30","07:20:00",51.171729,4.460449,71784,0,"False","Stilstaand water","donker, bruin/bruinrood","Fort 4, fortgracht, veel Grof hoornblad, bijvangst Baars en Zeelt (beide 5 - 10 cm)","Nee","I_2640_1","crayfish indet"
326388637,"2024-08-31","07:20:00",51.17185,4.460385,71784,0,"False","","","helaas werd één van de fuiken gestolen. Draad doorgeknipt onder het label (wellicht tot tegen de fuik): gepeild met stok in gracht, fuik is verdwenen! Bijvangst 1 Baars 5-10 cm. Einde monitoring in Fort 4.","","I_2640_1","crayfish indet"
326164579,"2024-08-29","07:36:00",51.171594,4.460363,71784,2,"True","Stilstaand water","donker, bruin/bruinrood","Fort 4, gracht, veel vegetatie, 2 van de 3 fuiken met telkens 1 marmerkreeft.","Ja","I_2640_1","procambarus virginalis"
322163441,"2024-07-06","10:26:00",51.094564,4.316449,29122,0,"False","Stromend water","","waterstand: 2,60m TAW / vegetatie: riet / waterkleur: bruin en zeer troebel","Ja","I_2870_1","crayfish indet"
322163773,"2024-07-07","10:16:00",51.09455,4.316433,29122,0,"False","Stromend water","","waterstand: 2,60m TAW / vegetatie: riet / waterkleur: bruin en zeer troebel","Ja","I_2870_1","crayfish indet"
322164107,"2024-07-08","10:04:00",51.094547,4.316423,29122,0,"False","Stromend water","","waterstand: 2,60m TAW / vegetatie: riet / waterkleur: bruin en zeer troebel","Ja","I_2870_1","crayfish indet"
322164290,"2024-07-09","10:21:00",51.094554,4.316423,29122,0,"False","Stromend water","","waterstand: 2,60m TAW / vegetatie: riet / waterkleur: bruin en zeer troebel","","I_2870_1","crayfish indet"
322165777,"2024-07-20","10:30:00",51.074908,4.340042,29149,0,"False","Stromend water","","waterstand: eerder ondiep  / vegetatie: reuzenbalsemien, grote lisdodde, riet, grote kattenstaart / waterkleur: bruin en troebel","Ja","I_2870_2","crayfish indet"
322165945,"2024-07-21","11:01:00",51.074911,4.340053,29149,0,"False","Stromend water","","waterstand: eerder ondiep  / vegetatie: reuzenbalsemien, grote lisdodde, riet, grote kattenstaart / waterkleur: bruin en troebel","Ja","I_2870_2","crayfish indet"
322166077,"2024-07-22","09:34:00",51.074894,4.340048,29149,0,"False","Stromend water","","waterstand: eerder ondiep  / vegetatie: reuzenbalsemien, grote lisdodde, riet, grote kattenstaart / waterkleur: bruin en troebel","Ja","I_2870_2","crayfish indet"
322166255,"2024-07-23","11:15:00",51.074881,4.340053,29149,0,"False","Stromend water","","waterstand: eerder ondiep  / vegetatie: reuzenbalsemien, grote lisdodde, riet, grote kattenstaart / waterkleur: bruin en troebel","","I_2870_2","crayfish indet"
325136883,"2024-08-13","10:21:00",51.426483,4.510192,108270,0,"False","Stromend water","","Lage waterstand, bovenkant vallen net boven wateroppervlak.","Ja","I_2920_4","crayfish indet"
325137223,"2024-08-14","10:13:00",51.42653,4.510182,108270,0,"False","Stromend water","","Lage waterstand, bovenkant vallen net boven wateroppervlak.","Ja","I_2920_4","crayfish indet"
325137340,"2024-08-15","11:52:00",51.426473,4.510197,108270,0,"False","Stromend water","","Lage waterstand, bovenkant vallen net boven wateroppervlak.","Ja","I_2920_4","crayfish indet"
325137479,"2024-08-16","11:46:00",51.426251,4.510248,108270,0,"False","Stromend water","","Lage waterstand, bovenkant vallen net boven wateroppervlak.","Ja","I_2920_4","crayfish indet"
318427577,"2024-07-11","09:30:00",51.342898,4.377894,191336,0,"False","Stilstaand water","","water roestbruin, vrij lage waterstand achter sluisbunker","Nee","I_2940_2","crayfish indet"
318427997,"2024-07-09","10:00:00",51.34296,4.377916,191336,0,"False","Stilstaand water","","","Nee","I_2940_2","crayfish indet"
318428162,"2024-07-10","10:00:00",51.342888,4.378088,191336,0,"False","","","","Nee","I_2940_2","crayfish indet"
318780484,"2024-07-12","09:00:00",51.342936,4.377919,191336,0,"False","","","","Nee","I_2940_2","crayfish indet"
325905854,"2024-08-27","09:00:00",51.336078,4.653667,29251,0,"False","Stilstaand water","","","Ja","I_2960_4","crayfish indet"
326157727,"2024-08-29","09:00:00",51.336037,4.653565,29251,1,"True","Stromend water","stekels op de wang","gevangen in fuik.","Ja","I_2960_4","faxonius limosus"
326282662,"2024-08-30","08:15:00",51.336091,4.653673,29251,1,"True","Stromend water","","","Nee","I_2960_4","faxonius limosus"
323423783,"2024-08-06","15:11:00",51.421541,4.641176,23372,0,"False","Stromend water","0","geen rivierkreeften in de fuiken (lagen in vispassage = 1 bovenstrooms voor eerste vistrap, 1 in rustbekken vistrap en 1 benedenstrooms vistrap (die op 6/8 ontdekt werd door iemand) en is verplaatst naar rustbekken op 2 drempels bovenstrooms van uitstroom vistrap.","Nee","I_2990_1","crayfish indet"
323424028,"2024-08-07","17:45:00",51.421509,4.641163,23372,0,"False","Stromend water","0","geen rivierkreeften in de fuiken.","Nee","I_2990_1","crayfish indet"
323424115,"2024-08-08","16:45:00",51.421487,4.641219,23372,0,"False","Stromend water","0","geen rivierkreeften in de fuiken.","Nee","I_2990_1","crayfish indet"
323424196,"2024-08-09","09:45:00",51.421549,4.641214,23372,0,"False","Stromend water","0","EINDE ONDERZOEK -> geen rivierkreeften in de fuiken.","Nee","I_2990_1","crayfish indet"
326027981,"2024-08-27","18:40:00",50.862603,4.717564,30915,0,"False","Stilstaand water","","","Ja","I_3001_7","crayfish indet"
322117099,"2024-07-30","09:45:00",50.893535,4.728217,30910,0,"False","","","ondiepe poel ca. 4 are veel oeverplanten, weinig ondergedoken planten","","I_3010_10","crayfish indet"
322117500,"2024-07-31","10:30:00",50.893535,4.728163,30910,0,"False","","","ondiepe poel ca. 4 are veel oeverplanten, weinig ondergedoken planten","","I_3010_10","crayfish indet"
322848696,"2024-08-01","16:00:00",50.893531,4.728171,30910,0,"False","","","","","I_3010_10","crayfish indet"
322848869,"2024-08-02","15:30:00",50.893528,4.728206,30910,0,"False","","","","","I_3010_10","crayfish indet"
322116355,"2024-07-30","09:30:00",50.896223,4.723166,30910,0,"False","","","Grote ondiepe eutrofe vijver 9 ha met oeverplanten, weinig ondergedoken waterplanten","","I_3010_4","crayfish indet"
322116631,"2024-07-31","10:15:00",50.896261,4.723198,30910,0,"False","","","Grote ondiepe eutrofe vijver 9 ha met oeverplanten, weinig ondergedoken waterplanten","","I_3010_4","crayfish indet"
322847712,"2024-08-01","15:45:00",50.896201,4.723392,30910,0,"False","","","","","I_3010_4","crayfish indet"
322848129,"2024-08-02","14:50:00",50.89631,4.723477,30910,0,"False","","","","","I_3010_4","crayfish indet"
323363565,"2024-08-08","20:00:00",50.904375,4.703929,30907,0,"False","Stilstaand water","","","Ja","I_3012_8","crayfish indet"
322705236,"2024-08-04","11:00:00",50.884755,4.549384,28818,0,"True","Stilstaand water","","Vijver, vegetatie bestaat uit riet","Ja","I_3070_1","crayfish indet"
322844174,"2024-08-05","08:21:00",50.884819,4.548869,28818,0,"False","Stilstaand water","","","Ja","I_3070_1","crayfish indet"
323012896,"2024-08-06","09:00:00",50.884882,4.549041,28818,0,"False","Stilstaand water","","","Ja","I_3070_1","crayfish indet"
323215413,"2024-08-07","17:15:00",50.884882,4.548569,28818,0,"False","Stilstaand water","","","Nee","I_3070_1","crayfish indet"
325795174,"2024-08-26","09:00:00",51.007118,4.966376,30998,0,"False","Stromend water","","","Ja","I_3271_1","crayfish indet"
325956883,"2024-08-27","08:00:00",51.007129,4.966375,30998,0,"False","Stromend water","","","Ja","I_3271_1","crayfish indet"
326023679,"2024-08-28","09:00:00",51.007124,4.966337,30998,0,"False","Stromend water","","","Ja","I_3271_1","crayfish indet"
326154282,"2024-08-29","10:00:00",51.00712,4.96634,30998,0,"False","Stromend water","","","Ja","I_3271_1","crayfish indet"
326388098,"2024-08-30","10:00:00",51.008728,4.99206,30996,0,"False","Stromend water","","","Ja","I_3271_4","crayfish indet"
326454436,"2024-08-31","08:00:00",51.008726,4.992103,28482,0,"False","Stromend water","","","Ja","I_3271_4","crayfish indet"
326529813,"2024-09-01","09:00:00",51.008714,4.992092,28482,0,"False","Stromend water","","","Ja","I_3271_4","crayfish indet"
326164704,"2024-08-27","10:23:00",51.032321,5.110416,126452,0,"False","","","Waterstand: ongeveer 50 cm -  kruidruiming? - redelijk steile oevers - stroming aanwezig - niet beschaduwd","Nee","I_3290_5","crayfish indet"
326165373,"2024-08-28","09:22:00",51.032506,5.110644,27689,0,"True","","","","Nee","I_3290_5","crayfish indet"
326166383,"2024-08-29","09:45:00",51.032489,5.11065,126452,0,"True","","","","Ja","I_3290_5","crayfish indet"
323254411,"2024-08-08","07:35:00",50.843315,5.103485,622566,0,"False","Stromend water","","","Nee","I_3440_6","crayfish indet"
323463902,"2024-08-09","09:40:00",50.843266,5.103469,622566,0,"False","Stromend water","","","Ja","I_3440_6","crayfish indet"
323802204,"2024-08-10","08:45:00",50.84327,5.103458,622566,0,"False","Stromend water","","","Ja","I_3440_6","crayfish indet"
323802318,"2024-08-11","09:00:00",50.843271,5.103415,622566,0,"False","Stromend water","","","","I_3440_6","crayfish indet"
322109756,"2024-07-30","11:30:00",50.928202,5.381664,91992,0,"False","","","","Nee","I_3500_1: Demer (50.92961, 5.37747)","crayfish indet"
322124630,"2024-07-31","15:29:00",50.928246,5.38157,91992,0,"True","","","","Ja","I_3500_1: Demer (50.92961, 5.37747)","crayfish indet"
320270725,"2024-07-21","16:48:00",50.960946,5.271374,29587,0,"False","","","","Ja","I_3511_2:  Demer","crayfish indet"
320272005,"2024-07-19","",50.960032,5.273366,29587,0,"False","","","","Ja","I_3511_2:  Demer","crayfish indet"
324399448,"2024-08-06","19:00:00",50.966083,5.288994,29621,0,"False","","","","Ja","I_3511_4: Zonderikbeek (50.96524, 5.29189)","crayfish indet"
326551181,"2024-08-29","13:00:00",50.986645,5.351176,23440,0,"False","","","1 Zonnebaars als bijvangst","Nee","I_3520_4","crayfish indet"
326551765,"2024-08-30","11:00:00",50.986689,5.351128,23440,0,"False","","","","Ja","I_3520_4","crayfish indet"
326553349,"2024-09-01","11:34:00",50.986666,5.351133,23440,0,"False","","","","","I_3520_4","crayfish indet"
326552958,"2024-08-31","10:40:00",50.986666,5.351122,23440,1,"True","Stromend water",NA,"Gemiddelde waterstand. Enkele bramen op de oever en esdoorns. Als bijvangst 2 Zonnebaarzen","Ja","I_3520_4","procambarus acutus"
323049479,"2024-08-06","11:06:00",51.01594,5.350565,94491,1,"True","Stilstaand water","In goede conditie, normaal gedrag","Bamboe, bramen, grassen, kniewaterstand","Nee","I_3520_8","faxonius limosus"
323200419,"2024-08-07","11:30:00",50.987666,5.317898,29615,1,"True","Stilstaand water","Kleiner dan vangst van 06/08, normaal gedrag, wentelt zich snel om als hij op de rug wordt gehouden","Riet, struiken, netels, ... in fuik 3. Bijvangst in fuik 2: 1 vis (zie foto)","Ja","I_3520_8","faxonius limosus"
323201209,"2024-08-06","11:00:00",50.987774,5.317726,29615,1,"True","Stilstaand water","Normaal gedrag, lijkt in goede toestand","Riet, struiken, netels, ... - gevonden in fuik 3. Bijvangst in fuik 2: 3 vissen, fuik 1: 1 vis (zie foto)","Nee","I_3520_8","faxonius limosus"
323280542,"2024-08-08","10:30:00",50.987861,5.317906,29615,1,"True","Stilstaand water","Kleiner dan vangst voorbije dagen, lijkt nog jong/schuchter en niet volledig ontwikkeld, kort lijfje","Riet, struiken, netels, ... in fuik 3. Bijvangst in fuik 2: 1 vis (zie foto)","Ja","I_3520_8","faxonius limosus"
323414593,"2024-08-09","09:35:00",50.98784,5.317807,29615,2,"True","Stilstaand water","2 kleinere kreeften","Riet, struiken, netels, ... 1 gevonden in fuik 2, 1 in fuik 3, telkens met 1 vis erbij.","Nee","I_3520_8","faxonius limosus"
323050991,"2024-08-06","10:00:00",50.99569,5.24931,27578,0,"False","Stromend water","/","grassen en gevarieerde bermgroei","Nee","I_3550_2","crayfish indet"
323201920,"2024-08-07","10:30:00",50.995816,5.249086,27578,0,"False","Stromend water","/","grassen en gevarieerde bermgroei","Nee","I_3550_2","crayfish indet"
323204115,"2024-08-06","09:30:00",50.995802,5.249078,27578,0,"False","Stromend water","/","grassen en gevarieerde bermgroei","Nee","I_3550_2","crayfish indet"
323412345,"2024-08-09","09:15:00",50.995806,5.249096,27578,0,"False","Stromend water","/","grassen en gevarieerde bermgroei","Nee","I_3550_2","crayfish indet"
323281010,"2024-08-08","10:15:00",50.995813,5.249064,27578,0,"False","Stromend water","/","grassen en gevarieerde bermgroei","Nee","I_3550_2: Laambeek","crayfish indet"
324447717,"2024-08-16","13:50:00",50.97501,5.171758,29674,0,"False","Stromend water","/","grassen en gevarieerde bermgroei","Nee","I_3560_8","crayfish indet"
324448076,"2024-08-15","10:15:00",50.975018,5.171911,29674,0,"False","Stromend water","/","grassen en gevarieerde bermgroei","Nee","I_3560_8","crayfish indet"
324448417,"2024-08-14","12:15:00",50.974937,5.171868,29674,0,"False","Stromend water","/","grassen en gevarieerde bermgroei","Nee","I_3560_8","crayfish indet"
324448651,"2024-08-13","09:15:00",50.974924,5.171846,29674,0,"False","Stromend water","/","grassen en gevarieerde bermgroei","Nee","I_3560_8","crayfish indet"
317491771,"2024-07-04","08:30:00",50.436516,4.822998,42579,0,"False","","","Stromend water. Begroeide oevers.","Ja","I_3600_1","crayfish indet"
317492105,"2024-07-05","08:00:00",50.958442,5.471602,29642,0,"False","","","Stromend water. begroeide oever","Ja","I_3600_1","crayfish indet"
317618756,"2024-07-06","09:00:00",50.958967,5.471535,29642,0,"False","","","stromend water, begroete oever","Ja","I_3600_1","crayfish indet"
317756821,"2024-07-07","09:00:00",50.958346,5.471985,29642,0,"False","","","stromend water, begroeide oever","Ja","I_3600_1","crayfish indet"
325904586,"2024-08-27","",50.977323,5.493239,24387,0,"False","","","","","I_3600_11","crayfish indet"
326023049,"2024-08-28","08:30:00",50.977646,5.493144,24387,0,"False","","","","","I_3600_11","crayfish indet"
326153083,"2024-08-29","",50.977523,5.493293,24387,0,"False","","","","Nee","I_3600_11","crayfish indet"
326023253,"2024-08-28","08:40:00",50.978715,5.493351,24387,0,"False","","","","","I_3600_12","crayfish indet"
326152992,"2024-08-29","08:40:00",50.97872,5.493366,24387,0,"False","","","","Ja","I_3600_12 3 vallen","crayfish indet"
325904529,"2024-08-27","09:45:00",50.978654,5.49366,24387,0,"False","","","","Ja","I_3600_12 val 2","crayfish indet"
318858560,"2024-07-14","",51.178319,5.776497,27554,0,"False","","","","Ja","I_3640_11: Uffelsebeek (51.17171, 5.77957)","crayfish indet"
318859635,"2024-07-13","10:00:00",51.178385,5.776545,27554,0,"False","","","","Ja","I_3640_11: Uffelsebeek (51.17171, 5.77957)","crayfish indet"
319054731,"2024-07-15","10:00:00",51.178352,5.776478,27554,0,"False","","","","Ja","I_3640_11: Uffelsebeek (51.17171, 5.77957)","crayfish indet"
319226455,"2024-07-16","",51.178261,5.776341,27554,0,"False","","","","Ja","I_3640_11: Uffelsebeek (51.17171, 5.77957)","crayfish indet"
325540713,"2024-08-24","06:00:00",51.158431,5.705531,94494,0,"False","Stromend water","","Stromend water, gestegen door nachtelijke regen. Wallen begroeid met riet","Ja","I_3640_17","crayfish indet"
318521273,"2024-07-11","13:00:00",51.164509,5.739976,94494,0,"False","","","","","I_3640_4: Uffelsebeek (51.16451, 5.73997)","crayfish indet"
319534092,"2024-07-17","10:00:00",51.159132,5.801865,27557,0,"False","","","","Ja","I_3640_6: Itterbeek (51.15096, 5.77547)","crayfish indet"
319535137,"2024-07-18","10:00:00",51.159227,5.802053,27557,0,"False","","","","Ja","I_3640_6: Itterbeek (51.15096, 5.77547)","crayfish indet"
319864831,"2024-07-19","10:08:00",51.159295,5.802299,27557,1,"True","Stromend water","Mist 1 schaar","Helder water, niet diezp (max 50 cm), zicht tot op de bodem, riet aan de kant en beetje planten in de beek.","Ja","I_3640_6: Itterbeek (51.15096, 5.77547)","faxonius limosus"
320071914,"2024-07-20","10:00:00",51.159113,5.801956,27557,1,"True","Stromend water","weinig beweging, altijd opgerold","Idem als gisteren; helder licht stromend water; niet diep met riet aan de zijkanten en een weinig vegetatie in de beek.","Nee","I_3640_6: Itterbeek (51.15096, 5.77547)","faxonius limosus"
323984887,"2024-08-11","21:00:00",51.124432,5.514981,91082,0,"False","Stromend water","","","Nee","I_3670_6","crayfish indet"
323985290,"2024-08-12","21:00:00",51.124422,5.514987,91082,0,"False","Stromend water","","","Ja","I_3670_6","crayfish indet"
324926661,"2024-08-17","09:30:00",51.186019,5.436245,23490,0,"False","Stromend water","","","Nee","I_3900_1","crayfish indet"
324927087,"2024-08-18","08:40:00",51.186019,5.436245,23490,0,"False","Stromend water","","","Nee","I_3900_1","crayfish indet"
325254023,"2024-08-19","09:30:00",51.186019,5.436245,23490,0,"False","Stromend water","","","Nee","I_3900_1","crayfish indet"
325254244,"2024-08-20","08:50:00",51.186019,5.436245,23490,0,"False","Stromend water","","","Nee","I_3900_1","crayfish indet"
324927599,"2024-08-17","09:00:00",51.173648,5.436339,137808,0,"False","Stromend water","","","Nee","I_3900_2","crayfish indet"
324928281,"2024-08-18","08:20:00",51.173648,5.436339,137808,0,"False","Stromend water","","","Nee","I_3900_2","crayfish indet"
325254381,"2024-08-19","08:40:00",51.173648,5.436339,137808,0,"False","Stromend water","","","Nee","I_3900_2","crayfish indet"
325254444,"2024-08-20","08:30:00",51.173648,5.436339,137808,0,"False","Stromend water","","","Nee","I_3900_2","crayfish indet"
326325863,"2024-08-30","12:57:00",51.248356,5.417231,189899,1,"True","Stilstaand water","zeer kleine stippen over volledige lijf, klein oranje puntje op uiteinde van de scharen","licht stromend water (vijver met aanvoer van water), Lage waterstand, weinig water vegetatie","Nee","I_3910_13","faxonius limosus"
326332589,"2024-08-30","13:30:00",51.267917,5.428351,24350,0,"False","","","","Nee","I_3910_6","crayfish indet"
324966226,"2024-08-19","08:00:00",51.115653,5.391616,189154,0,"False","Stromend water","","","Ja","I_3990_5","crayfish indet"
325141778,"2024-08-20","08:19:00",51.115862,5.39197,189154,0,"True","Stromend water","","","Ja","I_3990_5","crayfish indet"
325243700,"2024-08-21","08:58:00",51.115768,5.391487,189154,0,"True","Stromend water","","","Ja","I_3990_5","crayfish indet"
325340425,"2024-08-22","08:00:00",51.115647,5.391401,189154,0,"False","Stromend water","","","Nee","I_3990_5","crayfish indet"
319218735,"2024-07-16","13:24:00",51.153442,3.253053,31529,0,"False","","","","Nee","I_8020_1","crayfish indet"
319451111,"2024-07-17","16:30:00",51.153438,3.253058,31529,0,"False","","","","Ja","I_8020_1","crayfish indet"
320296374,"2024-07-19","11:21:00",51.153381,3.253015,31529,0,"False","","","","","I_8020_1","crayfish indet"
326016903,"2024-08-28","07:00:00",51.327886,3.237031,31729,6,"True","Stilstaand water","3 mannelijke 1 mannelijke met 1 schaar 3 vrouwlijke","Normale waterstand, natuurlijke oever, tegen rietkraag","Ja","I_8301_1","procambarus clarkii"
326283512,"2024-08-30","07:15:00",51.327881,3.236729,31729,7,"True","Stilstaand water","5 mannelijke 2 vrouwlijke","Waterstand normaal,tegen rietkraag","Nee","I_8301_1","procambarus clarkii"
325915174,"2024-08-27","07:00:00",51.327868,3.23697,31729,7,"True","Stilstaand water","5 mannelijke 2 vrouwlijke, 1 mannelijke met 1 schaar en 1 vrouwlijke zonder scharen","Natuurlijke oever tegen rietkraag, normale waterstand","Nee","I_8301_1 isabellavaart","procambarus clarkii"
326237805,"2024-08-29","08:20:00",51.327874,3.236893,31729,6,"True","Stilstaand water","4 vrouw 2 man","Natuurlijke oever tegen rietkraag normale waterstand","Nee","I_8301_1 isabellavaart","procambarus clarkii"
326204367,"2024-08-29","",51.276375,3.125789,31277,0,"False","Stromend water","","brede beek, troebel water, steile oevers, weinig oeverplanten. Veel hengelaars.","Ja","I_8370_1","crayfish indet"
324903260,"2024-08-18","",51.303911,3.124167,31265,1,"True","Stromend water","","gracht, rietkragen, troebel water","Ja","I_8370_5","procambarus clarkii"
325093628,"2024-08-19","19:28:00",51.303964,3.12457,31265,2,"True","Stromend water","","","Nee","I_8370_5","procambarus clarkii"
325201335,"2024-08-20","17:18:00",51.303956,3.124505,31265,6,"True","","","","Nee","I_8370_5","procambarus clarkii"
325304170,"2024-08-21","17:14:00",51.303967,3.124387,31265,4,"True","","1 zonder scharen","","Nee","I_8370_5","procambarus clarkii"
325391072,"2024-08-22","",51.299058,3.105553,31257,4,"False","Stromend water","","5m brede waterloop, 1m riet, steile oevers. troebel water","Nee","I_8420_2","procambarus clarkii"
325489421,"2024-08-23","",51.299055,3.10559,31257,2,"False","","","","Ja","I_8420_2","procambarus clarkii"
325610498,"2024-08-24","",51.29905,3.105578,31257,2,"False","","","","Ja","I_8420_2","procambarus clarkii"
325749114,"2024-08-25","",51.299054,3.10551,31257,4,"False","","","","","I_8420_2","procambarus clarkii"
317040814,"2024-07-01","13:20:00",50.794657,3.340668,24038,0,"False","","","","Nee","I_8550_1","crayfish indet"
317205324,"2024-07-02","17:33:00",50.79499,3.3398,24038,0,"False","","","","Ja","I_8550_1","crayfish indet"
317864985,"2024-07-03","17:00:00",50.795012,3.339757,24038,0,"False","","","","Nee","I_8550_1","crayfish indet"
317865548,"2024-07-04","17:30:00",50.794859,3.339823,24038,0,"False","","","","","I_8550_1","crayfish indet"
317954244,"2024-07-08","11:00:00",50.806461,3.199772,31878,0,"False","Stilstaand water","","2 van de 3 vallen gesaboteerd: aas verwijderd. Ik heb ze verplaatst naar even verderop, zodat saboteur ze niet terugvindt. Bijvangst 1 baars.","Ja","I_8560_4","crayfish indet"
318096273,"2024-07-09","",50.807479,3.20601,31876,0,"False","Stilstaand water","","Bijvangst: baars","Nee","I_8560_4","crayfish indet"
318354092,"2024-07-10","18:53:00",50.807647,3.205365,31876,0,"False","Stilstaand water","","Geen bijvangst","Ja","I_8560_4","crayfish indet"
317230893,"2024-06-30","19:30:00",51.025996,3.023593,24052,0,"False","Stromend water","","oever en onderwatervegitatie","Ja","I_8610_1","crayfish indet"
317231304,"2024-07-01","19:30:00",51.026066,3.023694,24052,0,"False","Stromend water","","oever en onderwatervegitatie","Ja","I_8610_1","crayfish indet"
317231485,"2024-07-02","19:30:00",51.025843,3.023829,24052,0,"False","Stromend water","","oever en onderwatervegitatie","Ja","I_8610_1","crayfish indet"
317333692,"2024-07-03","19:30:00",51.026014,3.023679,24052,0,"True","Stromend water","","oever en onderwatervegitatie en zeer sterke stroming na de regenval van vanmorgen","Nee","I_8610_1","crayfish indet"
325243355,"2024-08-21","09:18:00",51.026693,3.051209,252643,10,"True","Stilstaand water","zie foto ik vermoed geknobbelde amerikaanse rivierkreeft","vijsvijver voor karpervissers","Ja","I_8610_6","faxonius virilis"
325344713,"2024-08-22","09:26:00",51.026608,3.051156,252643,11,"True","Stilstaand water","Zie foto","vijsvijver voor karpervissers kreeften werden gevangen in 2 vd 3 fuiken. De grootste tot nu toe, was 13 cm","Ja","I_8610_6","faxonius virilis"
321712628,"2024-07-24","09:00:00",51.108299,3.291626,24479,0,"False","","","","Nee","I_8730_5: Bornebeek (51.10228, 3.30014)","crayfish indet"
321713223,"2024-07-25","09:00:00",51.108289,3.291605,24479,0,"False","","","","Ja","I_8730_5: Bornebeek (51.10228, 3.30014)","crayfish indet"
321713846,"2024-07-26","09:00:00",51.108267,3.291581,24479,0,"False","","","","Ja","I_8730_5: Bornebeek (51.10228, 3.30014)","crayfish indet"
321714271,"2024-07-27","09:00:00",51.108267,3.291592,24479,0,"False","","","","Nee","I_8730_5: Bornebeek (51.10228, 3.30014)","crayfish indet"
317015546,"2024-06-30","10:20:00",51.143683,3.292294,31539,0,"False","","","","Nee","I_8730_9","crayfish indet"
317138677,"2024-07-01","",51.144107,3.291854,31539,0,"False","","","","","I_8730_9","crayfish indet"
320977536,"2024-07-23","08:15:00",51.021326,3.21255,24490,0,"False","Stromend water","","","Ja","I_8750_2","crayfish indet"
320978094,"2024-07-24","08:45:00",51.021295,3.21255,24490,0,"False","Stromend water","","","Ja","I_8750_2","crayfish indet"
324013153,"2024-07-25","08:30:00",51.02128,3.212553,24490,0,"False","","","","Ja","I_8750_2","crayfish indet"
324013323,"2024-07-25","08:40:00",51.021277,3.21255,24490,0,"False","","","","Nee","I_8750_2","crayfish indet"
319843065,"2024-07-11","",50.926946,3.13767,32566,0,"False","Stilstaand water","","","Ja","I_8800_3 (Jan Desmet)","crayfish indet"
319843548,"2024-07-12","",50.927027,3.137412,32566,0,"False","Stilstaand water","","","Ja","I_8800_3 (Jan Desmet)","crayfish indet"
319843854,"2024-07-13","",50.927,3.137498,32566,0,"False","Stilstaand water","","","Ja","I_8800_3 (Jan Desmet)","crayfish indet"
319844174,"2024-07-14","",50.927027,3.137455,32566,0,"False","Stilstaand water","","","Ja","I_8800_3 (Jan Desmet)","crayfish indet"
322308103,"2024-08-01","17:36:00",50.96134,3.235954,31397,0,"False","Stilstaand water","","","Ja","I_8850_4","crayfish indet"
322308298,"2024-08-01","17:36:00",50.961183,3.234508,31397,0,"False","Stilstaand water","","","Ja","I_8850_4","crayfish indet"
322308458,"2024-08-01","17:36:00",50.960144,3.230767,31397,0,"False","Stilstaand water","","","Ja","I_8850_4","crayfish indet"
322497471,"2024-08-02","17:45:00",50.961339,3.235975,31397,0,"False","Stilstaand water","","","Ja","I_8850_4","crayfish indet"
322497571,"2024-08-02","17:45:00",50.96127,3.234625,31397,0,"False","Stilstaand water","","","Ja","I_8850_4","crayfish indet"
322497799,"2024-08-02","17:45:00",50.960164,3.230914,31397,0,"False","Stilstaand water","","","Ja","I_8850_4","crayfish indet"
322840085,"2024-08-03","20:11:00",50.961424,3.235923,31397,0,"False","Stilstaand water","","","Ja","I_8850_4","crayfish indet"
322840159,"2024-08-03","20:11:00",50.961162,3.234701,31397,0,"False","Stilstaand water","","","Ja","I_8850_4","crayfish indet"
322840263,"2024-08-04","17:15:00",50.961378,3.23593,31397,0,"False","Stilstaand water","","","Nee","I_8850_4","crayfish indet"
322840353,"2024-08-04","17:15:00",50.961163,3.234593,31397,0,"False","Stilstaand water","","","Nee","I_8850_4","crayfish indet"
323236794,"2024-08-07","17:45:00",50.920724,3.232282,24085,0,"False","Stromend water","","","Ja","I_8870_2","crayfish indet"
323236915,"2024-08-07","17:45:00",50.920355,3.234024,24085,0,"False","Stromend water","","","Ja","I_8870_2","crayfish indet"
323334883,"2024-08-08","17:52:00",50.920787,3.232298,24085,0,"False","Stromend water","","","Ja","I_8870_2","crayfish indet"
323336195,"2024-08-08","17:59:00",50.920384,3.233989,24085,0,"False","Stromend water","","","Ja","I_8870_2","crayfish indet"
323455043,"2024-08-09","17:52:00",50.920762,3.232369,24085,0,"False","Stromend water","","","Ja","I_8870_2","crayfish indet"
323455976,"2024-08-09","17:57:00",50.92041,3.233961,24085,0,"False","Stromend water","","","Ja","I_8870_2","crayfish indet"
323596159,"2024-08-10","18:18:00",50.920803,3.232287,24085,0,"False","Stromend water","","","Ja","I_8870_2","crayfish indet"
323597935,"2024-08-10","18:29:00",50.920401,3.233992,24085,0,"False","Stromend water","","","Ja","I_8870_2","crayfish indet"
323774266,"2024-08-11","18:36:00",50.920819,3.232231,24085,0,"False","Stromend water","","","Nee","I_8870_2","crayfish indet"
323774468,"2024-08-11","18:42:00",50.920424,3.233993,24085,0,"False","Stromend water","","","Nee","I_8870_2","crayfish indet"
318370115,"2024-07-03","",50.936773,3.174518,27315,0,"False","Stromend water","drie maal nul kreeften","","Ja","I_8870_3","crayfish indet"
318371680,"2024-07-04","",50.936788,3.174518,27315,0,"False","Stromend water","","","Ja","I_8870_3","crayfish indet"
318371885,"2024-07-05","",50.936799,3.174491,27315,0,"False","","","","Ja","I_8870_3","crayfish indet"
318372140,"2024-07-06","",50.936804,3.174502,27315,0,"False","Stromend water","","","Ja","I_8870_3","crayfish indet"
318372420,"2024-07-07","",50.936778,3.174512,27315,0,"False","Stromend water","","","","I_8870_3","crayfish indet"
321477531,"2024-07-27","16:37:00",50.91905,3.223661,24085,0,"False","Stilstaand water","","","Ja","I_8870_6","crayfish indet"
321702658,"2024-07-28","17:35:00",50.919061,3.223704,24085,0,"False","Stilstaand water","","","Ja","I_8870_6","crayfish indet"
321847217,"2024-07-29","17:42:00",50.919111,3.223686,24085,0,"False","Stilstaand water","","","Ja","I_8870_6","crayfish indet"
322023926,"2024-07-30","17:45:00",50.919092,3.223639,24085,0,"False","Stilstaand water","","","Nee","I_8870_6","crayfish indet"
326034285,"2024-08-28","07:52:00",51.057736,3.687195,27403,0,"True","","er zat 1 rat en 3 kleine visjes(3à'cm) in de vallen","","Nee","I_9000_1","crayfish indet"
326278720,"2024-08-30","07:45:00",51.058003,3.687536,27403,0,"True","","er zat 1 paling, 1 spiegelkarper(12cm) en 1 bliek in de vallen","","Nee","I_9000_1","crayfish indet"
326419448,"2024-08-31","08:47:00",51.057822,3.687542,27403,0,"True","","1 rat en 1 voorn (10cm)","","","I_9000_1","crayfish indet"
323969372,"2024-08-12","20:41:00",51.033868,3.697586,240839,0,"True","","","","Nee","I_9000_6","crayfish indet"
324112043,"2024-08-13","20:13:00",51.033993,3.697585,240839,0,"True","","","","","I_9000_6","crayfish indet"
325462373,"2024-08-15","15:15:00",51.034104,3.69753,240839,0,"False","","","","","I_9000_6","crayfish indet"
326151091,"2024-08-29","07:44:00",51.058044,3.687081,27403,0,"True","Stilstaand water","","","Nee","I_900_1","crayfish indet"
319227051,"2024-07-05","21:30:00",51.082204,3.654375,612327,0,"False","Stromend water","nvt","helder en plantenrijk","Ja","I_9031_2","crayfish indet"
319227353,"2024-07-06","19:00:00",51.082225,3.654396,612327,0,"False","Stromend water","nvt","helder en plantenrijk","Ja","I_9031_2","crayfish indet"
319227540,"2024-07-07","19:30:00",51.082191,3.654385,612327,0,"False","Stromend water","nvt","helder en plantenrijk","Ja","I_9031_2","crayfish indet"
319227650,"2024-07-08","19:00:00",51.08218,3.654379,612327,0,"False","Stromend water","nvt","helder en plantenrijk","","I_9031_2","crayfish indet"
325372315,"2024-08-06","12:00:00",51.021766,3.640636,24188,0,"False","Stromend water","","rivieroever zonder vegetatie","Nee","I_9031_3","crayfish indet"
325372597,"2024-08-07","12:02:00",51.021755,3.640581,24188,1,"True","Stromend water","","Rivieroever zonder vegetatie","Nee","I_9031_3","faxonius limosus"
325372762,"2024-08-08","12:06:00",51.021789,3.640544,24188,1,"True","Stromend water","groot exemplaar","Rivieroever zonder vegetatie","Nee","I_9031_3","faxonius limosus"
325372920,"2024-08-09","12:00:00",51.021745,3.640565,24188,4,"True","Stromend water","","Rivieroever zonder vegetatie","Nee","I_9031_3","faxonius limosus"
325552862,"2024-08-24","09:45:00",51.034604,3.751905,23153,0,"False","Stilstaand water","","","Ja","I_9050_1","crayfish indet"
325663852,"2024-08-25","10:15:00",51.0346,3.7519,23153,0,"False","Stilstaand water","","","Ja","I_9050_1","crayfish indet"
325793860,"2024-08-26","09:20:00",51.0346,3.7519,23153,0,"False","Stilstaand water","","","Ja","I_9050_1","crayfish indet"
325903760,"2024-08-27","09:20:00",51.0346,3.7519,23153,0,"False","Stilstaand water","","","Nee","I_9050_1","crayfish indet"
326228965,"2024-08-29","11:15:00",51.0374,3.76109,27406,0,"False","Stilstaand water","","","Ja","I_9050_2","crayfish indet"
326542560,"2024-09-01","10:40:00",51.0374,3.76109,27406,0,"False","Stilstaand water","","","Nee","I_9050_2","crayfish indet"
326300472,"2024-08-30","11:31:00",51.0374,3.76109,27406,1,"True","Stilstaand water","","","Ja","I_9050_2","faxonius limosus"
326410313,"2024-08-31","10:51:00",51.0374,3.76109,27406,1,"True","Stilstaand water","","","Ja","I_9050_2","faxonius limosus"
324768086,"2024-08-17","09:45:00",50.987353,3.717503,30680,0,"False","Stilstaand water","","","Nee","I_9052_1","crayfish indet"
324927706,"2024-08-18","09:21:00",50.98734,3.717492,30680,0,"False","Stilstaand water","","","Ja","I_9052_1","crayfish indet"
325420470,"2024-08-19","07:40:00",50.98734,3.717498,30680,0,"False","Stilstaand water","","Bijvangst: 1 bittervoorn","Ja","I_9052_1","crayfish indet"
325421988,"2024-08-20","09:55:00",50.987335,3.717508,30680,0,"False","Stilstaand water","","Bijvangst: 1 bruine rat, 1 blankvoorn(?), 2 vetje, 1 bruine kikker larve, 5 oorvormige poelslak.","Nee","I_9052_1","crayfish indet"
325858876,"2024-08-26","18:21:00",51.075397,3.813772,24117,0,"True","Stilstaand water","","","Nee","I_9070_1","crayfish indet"
325968177,"2024-08-27","18:02:00",51.075961,3.814211,24118,0,"True","","","","Nee","I_9070_1","crayfish indet"
326093317,"2024-08-28","18:35:00",51.075664,3.813664,24118,0,"True","","","","Ja","I_9070_1","crayfish indet"
326238091,"2024-08-29","18:23:00",51.075939,3.814894,24117,0,"True","","","","","I_9070_1","crayfish indet"
318371678,"2024-07-10","10:30:00",51.121481,4.171689,84087,1,"False","Stilstaand water","","","Ja","I_9140_4","crayfish indet"
318372163,"2024-07-09","09:00:00",51.121805,4.171818,84087,0,"False","","","","Nee","I_9140_4","crayfish indet"
318407704,"2024-07-11","06:45:00",51.121487,4.172075,84087,0,"False","","","","Ja","I_9140_4","crayfish indet"
319212680,"2024-07-12","21:00:00",51.12084,4.172266,84087,0,"False","","","","Nee","I_9140_4","crayfish indet"
326357289,"2024-08-30","17:52:00",51.173319,3.958101,30162,4,"True","Running water","","","No","I_9180_8","procambarus clarkii"
326394642,"2024-08-31","08:55:00",51.173327,3.958228,30162,1,"True","Running water","","","No","I_9180_8","procambarus clarkii"
326525614,"2024-09-01","09:23:00",51.173386,3.960779,30163,1,"True","","","","Yes","I_9180_8","procambarus clarkii"
323136270,"2024-08-07","07:30:00",51.027654,3.838784,30765,0,"True","Stilstaand water","","Zie foto. Stilstaand water, veel watervegetatie aanwezig, steile artificiële oever.","Ja","I_9270_5","crayfish indet"
323292588,"2024-08-08","07:28:00",51.027669,3.838965,30765,0,"True","Stilstaand water","1 zakje met aas kapot (zie foto). Vervangen door een nieuw.","","Ja","I_9270_5","crayfish indet"
323397642,"2024-08-09","07:30:00",51.02763,3.838891,30765,0,"False","Stilstaand water","","","Ja","I_9270_5","crayfish indet"
324215071,"2024-08-14","09:01:00",50.814726,3.92221,247763,0,"True","","","waterstand eerder laag, veel oevervegetatie","Ja","I_9506_4","crayfish indet"
324215286,"2024-08-15","07:23:00",50.814759,3.922988,247763,0,"True","Stromend water","","","Ja","I_9506_4","crayfish indet"
324927725,"2024-08-16","09:43:00",50.814654,3.923097,247763,0,"False","","","","Ja","I_9506_4","crayfish indet"
324927964,"2024-08-17","07:38:00",50.814445,3.924375,247763,0,"False","","","","Nee","I_9506_4","crayfish indet"
321721613,"2024-07-27","",50.811628,3.780298,84526,0,"False","","","","","I_9660_1","crayfish indet"
321722067,"2024-07-28","07:30:00",50.811623,3.78019,84526,0,"False","","","","","I_9660_1","crayfish indet"
326258128,"2024-08-17","",50.791649,3.759967,623359,0,"False","Stromend water","","De fuiken uitgelegd net voordat het beekje onder het pad doorgaat en net erachter. Alleen daar was het water voldoende diepte om de fuiken onder water te plaatsen. Geen waterplanten. 1 bijvangst: rivierdonderpad.","","I_9660_2: Verrebeek (50.79178, 3.75986)","crayfish indet"
326258299,"2024-08-18","",50.791666,3.759988,623359,0,"False","","","","Ja","I_9660_2: Verrebeek (50.79178, 3.75986)","crayfish indet"
326258436,"2024-08-19","",50.791689,3.760031,623359,0,"False","","","","Nee","I_9660_2: Verrebeek (50.79178, 3.75986)","crayfish indet"
326258546,"2024-08-20","",50.791655,3.759994,623359,0,"False","Stromend water","","Bijvangst: twee riviergrondels. Zie https://waarnemingen.be/observation/325177567/","","I_9660_2: Verrebeek (50.79178, 3.75986)","crayfish indet"
321101367,"2024-07-24","09:27:00",50.802905,3.755568,27527,2,"True","Stilstaand water","","","Nee","I_9660_4: De Rijdtmeersen","faxonius limosus"
321101513,"2024-07-25","09:40:00",50.802676,3.7557,27527,3,"True","Stilstaand water","","","Nee","I_9660_4: De Rijdtmeersen","faxonius limosus"
320695212,"2024-07-23","09:35:00",50.802659,3.755643,27527,1,"True","Stilstaand water","","","Ja","I_9660_4: De Rijdtmeersen (50.80339, 3.75721)","faxonius limosus"
325340951,"2024-08-22","08:53:00",50.957059,3.686724,30677,0,"False","","","Bijvangst: 1 vis (paling)","Nee","I_9820_5: Teerlinckput (50.95662, 3.686)","crayfish indet"
325438958,"2024-08-23","08:04:00",50.956929,3.686426,30677,0,"False","","","Geen bijvangst.","Ja","I_9820_5: Teerlinckput (50.95662, 3.686)","crayfish indet"
325573140,"2024-08-24","13:07:00",50.957087,3.686575,30677,0,"False","","","Bijvangst: 2 vissen","Ja","I_9820_5: Teerlinckput (50.95662, 3.686)","crayfish indet"
325691916,"2024-08-25","10:35:00",50.956867,3.686546,30677,0,"False","","","Bijvangst: 1 vis (bittervoorn/ruisvoorn?)","Nee","I_9820_5: Teerlinckput (50.95662, 3.686)","crayfish indet"
323816120,"2024-08-12","06:42:00",50.978859,3.703943,30645,0,"False","Stilstaand water","","Fuiken liggen ongeveer 1 m van de oever waar het water 0,5m diep is, dus net onderwater. 1/ rondom takken. 3/ rondom waterplant.","Nee","I_9840_4","crayfish indet"
323957288,"2024-08-13","07:45:00",50.978835,3.70397,30645,0,"False","Stilstaand water","","","Ja","I_9840_4","crayfish indet"
324088461,"2024-08-14","07:38:00",50.978858,3.704055,30645,0,"False","Stilstaand water","","","Nee","I_9840_4","crayfish indet"
323896962,"2024-08-06","21:00:00",51.055516,3.569269,30366,0,"False","Stromend water","","Oude Kale - deze zomer eerder (vrijwel) stilstaand water","Ja","I_9850_4","crayfish indet"
323897113,"2024-08-07","21:00:00",51.05531,3.569269,30366,0,"False","Stromend water","","Oude Kale - deze zomer eerder (vrijwel) stilstaand water","Ja","I_9850_4","crayfish indet"
323897308,"2024-08-08","21:00:00",51.05557,3.569419,30366,0,"False","Stromend water","","Oude Kale - deze zomer eerder (vrijwel) stilstaand water","Ja","I_9850_4","crayfish indet"
323897455,"2024-08-09","21:00:00",51.055534,3.569183,30366,0,"False","Stromend water","","Oude Kale - deze zomer eerder (vrijwel) stilstaand water","Ja","I_9850_4","crayfish indet"
323897497,"2024-08-10","21:00:00",51.055459,3.569226,30366,0,"False","Stromend water","","Oude Kale - deze zomer eerder (vrijwel) stilstaand water","Ja","I_9850_4","crayfish indet"
320678585,"2024-07-23","10:38:00",51.033454,3.545828,30378,0,"False","Stromend water","","Recent hermeanderingproject nabij","Ja","I_9850_6","crayfish indet"
320679072,"2024-07-23","10:38:00",51.033186,3.545344,30378,0,"False","Stromend water","","Recent hermeanderingproject nabij","Ja","I_9850_6","crayfish indet"
320679424,"2024-07-23","10:38:00",51.033097,3.545402,30378,0,"False","Stromend water","","Recent hermeanderingproject nabij","Ja","I_9850_6","crayfish indet"
320936700,"2024-07-24","",51.033191,3.545285,30378,0,"False","Stromend water","","Recent hermeanderingproject nabij","Ja","I_9850_6","crayfish indet"
321093296,"2024-07-25","09:07:00",51.033174,3.545452,30378,0,"False","Stromend water","","Recent hermeanderingproject nabij","Ja","I_9850_6","crayfish indet"
321250436,"2024-07-26","10:00:00",51.033125,3.545367,30378,0,"False","Stromend water","","Recent hermeanderingproject nabij","","I_9850_6","crayfish indet"
324218187,"2024-08-15","09:12:00",50.95299,3.663452,30500,0,"False","","","","Nee","I_9890_5: Kriephoek (50.95558, 3.66283)","crayfish indet"
324393555,"2024-08-16","10:12:00",50.953242,3.663743,30500,0,"False","","","Bijvangst: 1 vis (leek op een paling, zijnde lang en smal)","Ja","I_9890_5: Kriephoek (50.95558, 3.66283)","crayfish indet"
324635238,"2024-08-17","11:01:00",50.952975,3.663932,30500,0,"False","","","Bijvangst: 1 vis: Europese paling (?)","Ja","I_9890_5: Kriephoek (50.95558, 3.66283)","crayfish indet"
324936059,"2024-08-18","09:34:00",50.953136,3.663692,30500,0,"False","","","Bijvangst: 2 vissen (waaronder een paling)","Nee","I_9890_5: Kriephoek (50.95558, 3.66283)","crayfish indet"
325886882,"2024-08-20","",51.08281,3.620017,24523,0,"False","Stromend water","","Oude Kale. Op staalnameplek zeer veel onderwaterplanten","Ja","I_9920_3","crayfish indet"
325886895,"2024-08-21","21:00:00",51.082678,3.619695,24523,0,"False","Stromend water","","Oude Kale. Op staalnameplek zeer veel onderwaterplanten","Ja","I_9920_3","crayfish indet"
325886900,"2024-08-22","21:00:00",51.082487,3.619652,24523,0,"False","","","Oude Kale. Op staalnameplek zeer veel onderwaterplanten","Ja","I_9920_3","crayfish indet"
325886909,"2024-08-23","21:00:00",51.082659,3.619899,24523,0,"False","","","","Ja","I_9920_3","crayfish indet"
325886917,"2024-08-24","21:00:00",51.082945,3.619909,24523,0,"False","Stromend water","","Oude Kale. Op staalnameplek zeer veel onderwaterplanten","Ja","I_9920_3","crayfish indet"
323265222,"2024-07-09","21:00:00",51.088429,3.620323,30365,0,"False","Stilstaand water","","3 vallen op noordelijke oever van voormalige zandwinningsplas","Ja","I_9920_5","crayfish indet"
323266275,"2024-07-10","21:00:00",51.088442,3.620306,30365,0,"False","Stilstaand water","","3 vallen op noordelijke oever van voormalige zandwinningsplas","Ja","I_9920_5","crayfish indet"
323266602,"2024-07-11","21:00:00",51.08848,3.620188,30365,0,"False","Stilstaand water","","3 vallen op noordelijke oever van voormalige zandwinningsplas","Ja","I_9920_5","crayfish indet"
323266780,"2024-07-12","21:00:00",51.088504,3.620167,30365,0,"False","","","3 vallen op noordelijke oever van voormalige zandwinningsplas","Ja","I_9920_5","crayfish indet"
323267016,"2024-07-13","17:00:00",51.088442,3.620258,30365,0,"False","Stilstaand water","","3 vallen op noordelijke oever van voormalige zandwinningsplas","Ja","I_9920_5","crayfish indet"
323052185,"2024-07-30","21:00:00",51.08744,3.656202,28389,0,"False","Stilstaand water","nvt","hoog en helder water, geen bemaling bezig","Ja","I_9921_1","crayfish indet"
323052860,"2024-07-31","22:00:00",51.087451,3.656196,28389,0,"False","Stilstaand water","nvt","hoog en helder water, geen bemaling bezig","Ja","I_9921_1","crayfish indet"
323053193,"2024-08-01","21:00:00",51.087434,3.656241,28389,0,"False","Stilstaand water","nvt","hoog en helder water, geen bemaling bezig","Ja","I_9921_1","crayfish indet"
323053431,"2024-08-02","21:00:00",51.087453,3.656218,28389,0,"False","Stilstaand water","nvt","hoog en helder water, geen bemaling bezig","Nee","I_9921_1","crayfish indet"
321921842,"2024-07-30","",51.150117,3.734778,30311,0,"False","Stromend water","","","Ja","I_9940_13","crayfish indet"
322073762,"2024-07-31","08:58:00",51.150025,3.734536,30311,0,"False","Stromend water","","Bruine rat in fuik","Nee","I_9940_13","crayfish indet"
322350159,"2024-08-01","15:15:00",51.150104,3.734708,30311,0,"False","Stromend water","","","","I_9940_13","crayfish indet"
322408089,"2024-08-02","15:32:00",51.150142,3.735,30311,0,"False","Stromend water","","","","I_9940_13","crayfish indet"
322846771,"2024-08-02","15:30:00",51.150184,3.734579,30311,0,"False","Stromend water","","","Nee","I_9940_13","crayfish indet"
319210286,"2024-07-16","08:30:00",51.142444,3.750801,28380,0,"False","Stromend water","","","Nee","I_9940_15","crayfish indet"
319344729,"2024-07-17","12:33:00",51.142983,3.751153,28380,0,"False","Stromend water","","","Ja","I_9940_15","crayfish indet"
319544497,"2024-07-18","13:02:00",51.142914,3.75138,28380,0,"False","Stromend water","","","Nee","I_9940_15","crayfish indet"
320729588,"2024-07-23","",51.144729,3.7078,30311,0,"False","Stromend water","","","Ja","I_9940_17","crayfish indet"
320992604,"2024-07-24","15:26:00",51.144693,3.707457,30311,0,"False","Stromend water","","","Ja","I_9940_17","crayfish indet"
321745001,"2024-07-26","14:30:00",51.14476,3.707714,30311,0,"False","","","","","I_9940_17","crayfish indet"
320056033,"2024-07-18","15:04:00",51.248323,3.75345,30040,2,"True","Stilstaand water","","","Ja","I_9960_9","procambarus clarkii"
321241381,"2024-07-19","12:08:00",51.2365,3.756888,30037,2,"True","Stilstaand water","","","Ja","I_9960_9","procambarus clarkii"
321241546,"2024-07-20","14:27:00",51.236594,3.756752,30037,2,"True","Stilstaand water","","","Ja","I_9960_9","procambarus clarkii"
321241617,"2024-07-21","11:12:00",51.23666,3.756709,30037,1,"True","Stilstaand water","","","Ja","I_9960_9","procambarus clarkii"
322063673,"2024-07-18","15:35:00",51.268887,3.713016,28714,15,"True","Stromend water","","","Ja","I_9961_5","procambarus clarkii"
322064397,"2024-07-19","12:54:00",51.268718,3.711893,30006,14,"True","Stromend water","","","Ja","I_9961_5","procambarus clarkii"
322064644,"2024-07-20","15:06:00",51.269035,3.709526,30006,19,"True","Stromend water","","","Ja","I_9961_5","procambarus clarkii"
322064865,"2024-07-21","11:49:00",51.268962,3.711672,30006,10,"True","Stromend water","","","Ja","I_9961_5","procambarus clarkii"
325133712,"2024-08-20","09:00:00",51.165728,2.770905,24024,0,"False","","","","Ja","L8430-1","crayfish indet"
325244384,"2024-08-21","09:15:00",51.166955,2.799325,24020,0,"False","","","","Ja","L8430-1","crayfish indet"
325345184,"2024-08-22","09:15:00",51.16942,2.800398,24020,0,"False","","","","","L8430-1","crayfish indet"
325449872,"2024-08-23","08:45:00",51.168247,2.801127,24020,0,"False","Stromend water","","","","L8430-1","crayfish indet"
325133278,"2024-08-20","08:45:00",51.165728,2.770905,24024,0,"False","Stromend water","","","Ja","L8430-3","crayfish indet"
325243932,"2024-08-21","08:30:00",51.165728,2.770905,24024,0,"False","","","","Ja","L8430-3","crayfish indet"
325345064,"2024-08-22","08:45:00",51.18655,2.8359,24021,0,"False","","","","Ja","L8430-3","crayfish indet"
325449539,"2024-08-23","08:57:00",51.192211,2.835674,252013,1,"True","Stromend water","scharen met rode knobbels. 1 schaar ontbrak","51.18645 2.83553","","L8430-3","procambarus clarkii"
326351456,"2024-08-30","18:00:00",51.152444,5.752062,94494,0,"False","Stromend water","","","Ja","L_3640_16","crayfish indet"
326234981,"2024-08-29","19:16:00",51.152342,5.752078,94494,1,"True","Stromend water","Gevlekte Amerikaanse rivierkreeft levendig. Vermoedelijk mannelijk","Stromend water naast een bos wier. Plantsoort voor mij onbekend","Ja","L_3640_16","faxonius limosus"
326491502,"2024-08-31","19:00:00",51.152229,5.752083,23457,1,"True","Stromend water","Levendig, kleiner formaat. Waarschijnlijk mannetje. Gevangen in fuik onder de brug","Gevangen onder de brug","Ja","L_3640_16","faxonius limosus"
325860284,"2024-08-26","19:00:00",51.158397,5.705887,94494,0,"True","Stromend water","","","Ja","L_3640_17","crayfish indet"
326105964,"2024-08-28","19:00:00",51.158407,5.70589,94494,0,"False","Stromend water","","","Ja","L_3640_17","crayfish indet"
325656358,"2024-08-25","09:00:00",51.15849,5.705473,94494,1,"True","Stromend water","Gevlekte Amerikaanse rivierkreeft","A beek., riet overs. Beek snel stromend door regen. Fuik aan rietkraag in de loop","Ja","L_3640_17","faxonius limosus"
324802710,"2024-08-08","",51.172899,5.253621,28624,0,"False","","","","Ja","V-2490-10","crayfish indet"
324803034,"2024-08-09","",51.172751,5.253257,28624,0,"False","","","","Ja","V-2490-10","crayfish indet"
324803110,"2024-08-10","",51.172859,5.253503,28624,0,"False","","","","Ja","V-2490-10","crayfish indet"
324803189,"2024-08-11","",51.172771,5.253348,28624,0,"False","","","","Ja","V-2490-10","crayfish indet"
318979671,"2024-07-11","20:00:00",51.151598,5.137932,133753,0,"False","","","","Ja","V-2490-5","crayfish indet"
318979942,"2024-07-11","20:00:00",51.148031,5.134628,133787,0,"False","","","","Ja","V-2490-6","crayfish indet"
323213010,"2024-08-03","",51.172812,5.243473,28624,0,"False","","","","Ja","V-2490-7","crayfish indet"
323213264,"2024-08-04","",51.172919,5.243788,28624,0,"False","","","","Ja","V-2490-7","crayfish indet"
323213516,"2024-08-05","",51.17293,5.243845,28624,0,"False","","","","Ja","V-2490-7","crayfish indet"
323213666,"2024-08-06","",51.172926,5.243815,28624,0,"False","","","","Ja","V-2490-7","crayfish indet"
323213936,"2024-08-03","",51.173589,5.244204,28624,0,"False","","","","Ja","V-2490-8","crayfish indet"
323214102,"2024-08-04","",51.173599,5.244775,28624,0,"False","","","","Ja","V-2490-8","crayfish indet"
323214371,"2024-08-05","",51.173606,5.244765,28624,0,"False","","","","Ja","V-2490-8","crayfish indet"
323214723,"2024-08-06","",51.173592,5.244789,28624,0,"False","","","","Ja","V-2490-8","crayfish indet"
324801913,"2024-08-08","",51.173653,5.252532,28624,0,"False","","","","Ja","V-2490-9","crayfish indet"
324802061,"2024-08-09","",51.17372,5.252516,28624,0,"False","","","","Ja","V-2490-9","crayfish indet"
324802272,"2024-08-10","",51.173612,5.252559,28624,0,"False","","","","Ja","V-2490-9","crayfish indet"
324802414,"2024-08-11","",51.173632,5.252554,28624,0,"False","","","","Ja","V-2490-9","crayfish indet"
318980283,"2024-07-12","",51.147139,5.134381,29170,0,"False","","","","Ja","V-2491-1","crayfish indet"
318980547,"2024-07-13","",51.147223,5.134596,29170,0,"False","","","","","V-2491-1","crayfish indet"
320665999,"2024-07-14","",51.147139,5.13436,29170,0,"False","","","","","V-2491-1","crayfish indet"
320666381,"2024-07-15","",51.147156,5.134413,29170,0,"False","","","","Ja","V-2491-1","crayfish indet"
318980427,"2024-07-12","",51.145951,5.134048,133756,0,"False","","","","Ja","V-2491-2","crayfish indet"
318980675,"2024-07-13","",51.145964,5.134027,133756,0,"False","","","","Ja","V-2491-2","crayfish indet"
320666549,"2024-07-15","",51.14589,5.13407,133756,0,"False","","","","Ja","V-2491-2","crayfish indet"
320998542,"2024-07-23","",51.14624,5.141065,29170,0,"False","","","","Ja","V-2491-3","crayfish indet"
321001912,"2024-07-24","11:42:00",51.146156,5.141065,29170,1,"True","Stilstaand water","","complex van ondiepe vijvers met veel plantengroei","Ja","V-2491-3","faxonius limosus"
321393387,"2024-07-25","",51.146134,5.141073,29170,1,"True","Stilstaand water","","vijver ondiep","Ja","V-2491-3","faxonius limosus"
321394363,"2024-07-26","11:49:00",51.146153,5.141129,29170,1,"True","Stilstaand water","","vijver ondiep","Ja","V-2491-3","faxonius limosus"
320998755,"2024-07-23","",51.145877,5.142235,133757,0,"False","","","","Ja","V-2491-4","crayfish indet"
321002140,"2024-07-24","",51.145783,5.142267,133757,0,"False","","","","Ja","V-2491-4","crayfish indet"
321393966,"2024-07-25","",51.145769,5.142288,133757,0,"False","Stromend water","","heiloop","Ja","V-2491-4","crayfish indet"
321394659,"2024-07-26","",51.145581,5.142353,133757,0,"False","","","","Ja","V-2491-4","crayfish indet"
322667536,"2024-07-27","",51.144975,5.129097,29170,0,"False","","","","Ja","V-2491-5","crayfish indet"
322667641,"2024-07-28","",51.145362,5.129942,29170,0,"False","","","","Ja","V-2491-5","crayfish indet"
322667878,"2024-07-30","",51.144989,5.129102,29170,0,"False","","","","Ja","V-2491-5","crayfish indet"
322667781,"2024-07-29","",51.144989,5.129102,29170,1,"False","Stilstaand water","","","Ja","V-2491-5","faxonius limosus"
322668048,"2024-07-27","",51.143555,5.127252,29170,0,"False","","","","Ja","V-2491-6","crayfish indet"
322668166,"2024-07-28","",51.143562,5.127252,29170,0,"False","","","","Ja","V-2491-6","crayfish indet"
322668222,"2024-07-29","",51.143548,5.127214,29170,0,"False","","","","Ja","V-2491-6","crayfish indet"
322668450,"2024-07-30","",51.143562,5.127321,29170,0,"False","","","","Ja","V-2491-6","crayfish indet"
322115113,"2024-07-30","08:30:00",50.892544,4.723383,30910,0,"False","Stilstaand water","","","","V-3010-11","crayfish indet"
322115530,"2024-07-31","09:30:00",50.892554,4.723389,30910,0,"False","","","","","V-3010-11","crayfish indet"
321769145,"2024-07-18","10:00:00",50.848635,4.79736,31050,0,"False","Stromend water","","","Nee","V.3360.2","crayfish indet"
321769502,"2024-07-19","10:00:00",50.84889,4.797189,31050,0,"False","Stromend water","","","Nee","V.3360.2","crayfish indet"
321769705,"2024-07-20","10:00:00",50.848939,4.797103,31050,0,"False","Stromend water","","","Ja","V.3360.2","crayfish indet"
321769842,"2024-07-21","10:00:00",50.848966,4.797146,31050,0,"False","Stromend water","","","Nee","V.3360.2","crayfish indet"
320317703,"2024-07-20","17:30:00",51.227998,5.497975,189427,0,"False","","","","Nee","V.3910.11","crayfish indet"
320318345,"2024-07-21","21:00:00",51.227299,5.505471,189427,0,"False","","","","Ja","V.3910.11","crayfish indet"
320573426,"2024-07-22","",51.227899,5.499297,189427,0,"False","","","","Ja","V.3910.11","crayfish indet"
320859382,"2024-07-23","21:30:00",51.227702,5.500655,189427,0,"False","","","","Nee","V.3910.11","crayfish indet"
320839764,"2024-07-23","19:30:00",51.12162,4.700007,28990,0,"False","","","","Nee","V_2222_4","crayfish indet"
321027570,"2024-07-24","16:00:00",51.121578,4.70014,28990,0,"False","","","","","V_2222_4","crayfish indet"
321220715,"2024-07-25","19:30:00",51.121596,4.700082,28990,0,"False","","","","Ja","V_2222_4","crayfish indet"
321393254,"2024-07-26","17:00:00",51.12163,4.700061,28990,0,"False","","","","Nee","V_2222_4","crayfish indet"
318171450,"2024-07-09","11:00:00",51.173677,5.0428,71767,0,"False","","","Ondiepe plas (1m), val geplaatst voor oever vegetatie ( grauwe Wilg, riet, Groete waternavel)","Nee","V_2440_11  Zelgaas","crayfish indet"
318285628,"2024-07-10","10:00:00",51.173813,5.042859,71767,0,"False","","","","Nee","V_2440_11  Zelgaas","crayfish indet"
318473303,"2024-07-11","11:00:00",51.173717,5.042886,71767,0,"False","","","","Nee","V_2440_11  Zelgaas","crayfish indet"
318615943,"2024-07-12","13:00:00",51.173784,5.042821,71767,0,"False","","","","","V_2440_11  Zelgaas","crayfish indet"
319931897,"2024-07-09","11:00:00",51.173731,5.042843,71767,0,"False","","","","Nee","V_2440_11  Zelgaas","crayfish indet"
319932225,"2024-07-10","10:00:00",51.173798,5.042907,71767,0,"False","","","","Nee","V_2440_11  Zelgaas","crayfish indet"
319932492,"2024-07-11","11:00:00",51.173798,5.042864,71767,0,"False","","","","","V_2440_11  Zelgaas","crayfish indet"
319932758,"2024-07-12","11:00:00",51.173784,5.042886,71767,0,"False","","","","Nee","V_2440_11  Zelgaas","crayfish indet"
323561048,"2024-08-10","08:26:00",51.110584,5.060751,23324,9,"True","Stromend water","","","Ja","V_2450_2","procambarus clarkii"
323663177,"2024-08-11","09:00:00",51.114356,5.064458,23324,5,"True","Stromend water","","","Nee","V_2450_2","procambarus clarkii"
323821831,"2024-08-12","07:30:00",51.113999,5.065249,23324,4,"True","Stromend water","","","Ja","V_2450_2","procambarus clarkii"
323957636,"2024-08-13","07:30:00",51.114062,5.065005,23324,4,"True","Stromend water","","traag stromend water, lage rivierstand (ongeveer 50 cm), veel vegetatie langs de oevers (kalmoes)","","V_2450_2","procambarus clarkii"
325318698,"2024-08-18","17:00:00",51.150774,5.188175,28278,0,"False","","","","Ja","V_2490_13","crayfish indet"
325318922,"2024-08-19","19:30:00",51.150816,5.188122,28278,0,"False","","","","Ja","V_2490_13","crayfish indet"
325319058,"2024-08-20","20:00:00",51.150834,5.188165,28278,0,"False","","","","Ja","V_2490_13","crayfish indet"
325319141,"2024-08-21","19:30:00",51.150813,5.188143,28278,0,"False","","","","","V_2490_13","crayfish indet"
325319297,"2024-08-18","17:15:00",51.150662,5.187027,28278,0,"False","","","","Ja","V_2490_14","crayfish indet"
325319443,"2024-08-19","19:45:00",51.150638,5.187049,28278,1,"False","","","","Ja","V_2490_14","crayfish indet"
325319727,"2024-08-20","20:15:00",51.150674,5.187006,28278,0,"False","","","","Ja","V_2490_14","crayfish indet"
325319810,"2024-08-21","",51.150668,5.187027,28278,0,"False","","","","","V_2490_14","crayfish indet"
322166959,"2024-07-24","09:15:00",51.075417,4.338824,29121,0,"False","Stilstaand water","","waterstand: eerder ondiep  / vegetatie: bosrandvegetatie, witte waterlelie / waterkleur: donkergrijs en zeer troebel","Ja","V_2870_7","crayfish indet"
322167225,"2024-07-25","10:45:00",51.07542,4.338835,29121,0,"False","Stilstaand water","","waterstand: eerder ondiep  / vegetatie: bosrandvegetatie, witte waterlelie / waterkleur: donkergrijs en zeer troebel","Ja","V_2870_7","crayfish indet"
322167429,"2024-07-26","12:00:00",51.07542,4.338841,29121,0,"False","Stilstaand water","","waterstand: eerder ondiep  / vegetatie: bosrandvegetatie, witte waterlelie / waterkleur: donkergrijs en zeer troebel","Ja","V_2870_7","crayfish indet"
322167745,"2024-07-27","10:44:00",51.07542,4.338835,29121,0,"False","Stilstaand water","","waterstand: eerder ondiep  / vegetatie: bosrandvegetatie, witte waterlelie / waterkleur: donkergrijs en zeer troebel","","V_2870_7","crayfish indet"
322847170,"2024-08-01","14:45:00",50.892554,4.723378,30910,1,"True","Stilstaand water","zie foto","Ondiepe poel  < 1 are veel oevervegetatie, geen ondergedoken planten. Bijvulling met bronwater","","V_3010_11","procambarus virginalis"
322847472,"2024-08-02","14:00:00",50.89255,4.723389,30910,2,"False","Stilstaand water","","Ondiepe poel  < 1 are veel oevervegetatie, geen ondergedoken planten. Bijvulling met bronwater","","V_3010_11","procambarus virginalis"
322120073,"2024-07-30","09:00:00",50.893897,4.719001,30910,0,"False","Stromend water","zie foto","Kleine bronbeek die ontspingt in het domein. veel schaduw, niet veel oeverplanten","","V_3010_13","crayfish indet"
322119781,"2024-07-31","09:45:00",50.893958,4.718759,30910,2,"True","Stromend water","zie foto","Kleine bronbeek die ontspingt in het domein. veel schaduw, niet veel oeverplanten","","V_3010_13","procambarus virginalis"
322850373,"2024-08-01","14:30:00",50.893925,4.7188,30910,2,"False","Stromend water","","Kleine bronbeek die ontspingt in het domein. veel schaduw, niet veel oeverplanten","","V_3010_13","procambarus virginalis"
322851069,"2024-07-31","09:50:00",50.893937,4.719105,30910,8,"True","Stromend water","zie foto","Kleine bronbeek die ontspingt in het domein. veel schaduw, niet veel oeverplanten","","V_3010_13","procambarus virginalis"
322118654,"2024-07-30","09:15:00",50.896428,4.71745,30910,0,"False","","","Tijdelijke poel / ondergelopen wilgenbroekbos. Staat enkel vol water bij hoge grondwaterstanden","","V_3010_14","crayfish indet"
322118871,"2024-07-31","10:00:00",50.896411,4.717338,30910,0,"False","","","Tijdelijke poel / ondergelopen wilgenbroekbos. Staat enkel vol water bij hoge grondwaterstanden","","V_3010_14","crayfish indet"
322849154,"2024-08-01","15:30:00",50.89648,4.717716,30910,0,"False","","","","","V_3010_14","crayfish indet"
322849352,"2024-08-02","14:30:00",50.896534,4.717759,30910,0,"False","","","","","V_3010_14","crayfish indet"
323834068,"2024-08-12","08:37:00",50.88499,4.562044,30929,0,"False","Stromend water","","","Ja","V_3078_1","crayfish indet"
323954994,"2024-08-13","07:30:00",50.88513,4.562247,30929,0,"False","Stromend water","","Een rivier maar met zeer laag debiet","Ja","V_3078_1","crayfish indet"
324182311,"2024-08-14","13:37:00",50.885008,4.562387,30929,0,"False","Stromend water","","De storm heeft een grote hoeveelheid bladeren en takken in de vallen doen stromen er was ook veel meer modder in het water.","Ja","V_3078_1","crayfish indet"
324229096,"2024-08-15","10:09:00",50.884985,4.562236,30929,0,"True","Stromend water","","Zie foto","Nee","V_3078_1","crayfish indet"
326163082,"2024-08-27","10:23:00",51.03153,5.112194,126452,0,"False","Stromend water","","Waterstand:  ongeveer 75 cm - beverdam 20m opwaarts - steile oevers en weinig stroming","Ja","V_3290_13","crayfish indet"
326165027,"2024-08-28","09:22:00",51.031466,5.112278,126452,0,"False","","","","Nee","V_3290_13","crayfish indet"
326166080,"2024-08-29","09:27:00",51.031518,5.11215,126452,0,"False","","","","Ja","V_3290_13","crayfish indet"
323012368,"2024-08-03","10:00:00",51.162423,5.740845,94494,0,"False","Stromend water","","","Ja","V_3640_15","crayfish indet"
323013609,"2024-08-04","10:00:00",51.162497,5.740544,94494,0,"False","Stromend water","","","Ja","V_3640_15","crayfish indet"
323014989,"2024-08-05","10:00:00",51.162524,5.740523,94494,1,"True","Stromend water","Levendig, actief","Aabeek, natuurlijke beek met begroeing.(zie foto) Best veel rottende bladeren op de bodem.","Ja","V_3640_15","faxonius limosus"
323016523,"2024-08-06","09:43:00",51.162571,5.740373,94494,1,"True","Stromend water","Actief, levendig. zocht telkens zo snel mogelijk de schaduw/dekking op.","Aabeek. Stromend water met begroeing. Veel rotttende bladeren op de bodem.","Nee","V_3640_15","faxonius limosus"
326332231,"2024-08-30","13:15:00",51.249765,5.416437,24350,0,"False","Stromend water","","","Nee","V_3910_14","crayfish indet"
319126725,"2024-07-14","19:30:00",51.028033,3.058214,24052,0,"True","Stromend water","","Zie foto","Ja","V_8610_8","crayfish indet"
319172671,"2024-07-10","19:30:00",51.028183,3.058033,24052,0,"True","Stromend water","","Zie foto","Ja","V_8610_8","crayfish indet"
319172678,"2024-07-09","19:30:00",51.028048,3.058033,24052,0,"True","Stromend water","","Zie foto","Nee","V_8610_8","crayfish indet"
322990219,"2024-08-06","09:20:00",51.137087,3.331811,31541,0,"False","","","","Ja","V_8730_11","crayfish indet"
323117618,"2024-08-07","07:05:00",51.136961,3.331525,31541,0,"False","Stromend water","","","Ja","V_8730_11","crayfish indet"
323280440,"2024-08-08","11:00:00",51.136965,3.331963,31541,0,"False","Stromend water","","","Ja","V_8730_11","crayfish indet"
324957982,"2024-08-01","",50.907888,3.191116,35064,0,"False","Stilstaand water","","","Ja","V_8870_7 (Jan Desmet)","crayfish indet"
324958156,"2024-08-02","",50.907942,3.191417,35064,0,"False","Stilstaand water","","","Ja","V_8870_7 (Jan Desmet)","crayfish indet"
324959197,"2024-08-03","",50.90805,3.191288,35064,0,"False","Stilstaand water","","","Ja","V_8870_7 (Jan Desmet)","crayfish indet"
324959320,"2024-08-04","",50.908023,3.19146,35064,0,"False","Stilstaand water","","","Ja","V_8870_7 (Jan Desmet)","crayfish indet"
325004754,"2024-08-19","09:00:00",51.149132,4.187475,28435,0,"False","Stilstaand water","","","","V_9100_2","crayfish indet"
319213020,"2024-07-16","09:00:00",51.136393,4.166816,32512,0,"False","Stromend water","","","Ja","V_9140_1","crayfish indet"
319443439,"2024-07-17","10:00:00",51.135982,4.167526,32512,0,"False","Stromend water","","","","V_9140_1","crayfish indet"
319467186,"2024-07-18","07:00:00",51.135659,4.167483,32512,0,"False","Stromend water","","","Ja","V_9140_1","crayfish indet"
319876992,"2024-07-19","10:00:00",51.135783,4.167355,32512,0,"False","Stromend water","","","Nee","V_9140_1","crayfish indet"
324651516,"2024-08-17","",51.023442,3.929417,188986,0,"False","","","","Nee","V_9260_3","crayfish indet"
315886463,"2024-06-23","14:24:00",50.89721,4.031429,24456,0,"False","","","niets in de vallen. oevers begroeid met grote brandnetel en reuzenbalsemien","","V_9450_4","crayfish indet"
317382558,"2024-06-24","11:26:00",50.897181,4.031167,24456,0,"False","Stromend water","","","","V_9450_4","crayfish indet"
317382661,"2024-06-25","",50.897191,4.031231,24456,0,"False","Stromend water","","","","V_9450_4","crayfish indet"
317382778,"2024-06-26","11:26:00",50.897212,4.031296,24456,0,"False","Stromend water","","","","V_9450_4","crayfish indet"
317383010,"2024-06-27","11:26:00",50.897189,4.031285,24456,0,"False","Stromend water","","","","V_9450_4","crayfish indet"
317383071,"2024-06-28","",50.897189,4.031264,24456,0,"False","Stromend water","","","","V_9450_4","crayfish indet"
317383143,"2024-06-29","",50.897204,4.031274,24456,0,"False","Stromend water","","","","V_9450_4","crayfish indet"
317383216,"2024-06-30","",50.897221,4.031328,24456,0,"False","Stromend water","","","","V_9450_4","crayfish indet"
321802308,"2024-07-21","10:00:00",51.016,3.534769,27417,0,"False","","","","Ja","V_9800_18","crayfish indet"
321802579,"2024-07-22","10:00:00",51.016041,3.534949,27417,0,"False","","","","Ja","V_9800_18","crayfish indet"
321802766,"2024-07-23","10:00:00",51.016058,3.534982,27417,0,"False","","","","Nee","V_9800_18","crayfish indet"
321803006,"2024-07-24","10:00:00",51.016047,3.534998,27417,0,"False","","","","Ja","V_9800_18","crayfish indet"
325342869,"2024-08-22","09:10:00",50.972598,3.700424,30643,0,"False","Stilstaand water","","Geen bijvangst","Nee","V_9840_5","crayfish indet"
325439036,"2024-08-23","08:06:00",50.972711,3.700457,30643,0,"False","Stilstaand water","","Geen bijvangst","Nee","V_9840_5","crayfish indet"
325549678,"2024-08-24","09:50:00",50.972855,3.700477,30643,0,"False","Stilstaand water","","Bijvangst: 1 baars + 2 voorn.","Ja","V_9840_5","crayfish indet"
326409167,"2024-08-31","11:15:00",50.921825,3.663503,133824,0,"False","","","","Ja","V_9890_8","crayfish indet"
326543998,"2024-09-01","10:36:00",50.922006,3.663217,133824,0,"False","","","Bijvangst: 1 vis (paling)","","V_9890_8","crayfish indet"
326549683,"2024-08-30","07:45:00",50.921834,3.663425,133824,0,"False","","","","Nee","V_9890_8","crayfish indet"
326549825,"2024-08-29","06:52:00",50.921756,3.663585,133824,0,"False","","","","Nee","V_9890_8","crayfish indet"
323995113,"2024-08-09","11:00:00",51.164679,4.374189,29421,0,"False","","","3 fuiken, fort 7, foto's beschikbaar met coordinaten","Ja","fort 7, Wilrijk (in natuurreservaat)","crayfish indet"
325342536,"2024-08-17","",50.977769,3.711346,30649,0,"True","Stilstaand water","","","Nee","i.9820.8","crayfish indet"
325342744,"2024-08-18","",50.97781,3.711335,30649,0,"False","Stilstaand water","","","Ja","i.9820.8","crayfish indet"
325342817,"2024-08-19","",50.977844,3.711324,30649,0,"False","","","","Nee","i.9820.8","crayfish indet"
325342861,"2024-08-20","",50.97768,3.711351,30649,0,"False","Stilstaand water","","","Nee","i.9820.8","crayfish indet"
323998486,"2024-08-13","10:36:00",51.166562,4.365907,29422,2,"True","Stilstaand water","determinatietabel gebruikt, marmerkreeft. duidelijk gemarmerde tekening","3 fuiken in gracht achter het kasteel van schoonselhof. foto's exacte locaties beschikbaar. moeilijk aan te duiden op dit kaartje. water ondiep, fuiken niet 100% onder water.","Ja","kasteelgracht, schoonselhof, Wilrijk, exacte locaties beschikbaar met foto","procambarus virginalis"
320666153,"2024-07-14","",51.14589,5.134048,133756,0,"False","","","","","v-2491-2","crayfish indet"
325343011,"2024-08-17","",50.971643,3.712327,27440,0,"True","Stilstaand water","","","Nee","v.9820.9","crayfish indet"
325343126,"2024-08-18","",50.971681,3.712574,133812,0,"False","Stilstaand water","","","Nee","v.9820.9","crayfish indet"
325343271,"2024-08-19","",50.971684,3.712349,133812,0,"False","Stilstaand water","","","Nee","v.9820.9","crayfish indet"
325343374,"2024-08-20","",50.971422,3.712285,27440,0,"False","Stilstaand water","","","Nee","v.9820.9","crayfish indet"
325965329,"2024-08-27","10:52:00",51.058466,4.172121,30852,3,"True","Stilstaand water","levendig, dicht geklapt","eerste dag proefproject. dijkgracht, waterstand geregeld met manuele sluizen, kanten begroeid met riet. waterdiepte +-60 cm","Ja","valnr.1  I.9220.9","procambarus clarkii"
326037970,"2024-08-28","10:16:00",51.058414,4.172176,30852,1,"True","Stilstaand water","levendig, dicht geklapt","Tweede dag proefproject. dijkgracht, waterstand geregeld met manuele sluizen, kanten begroeid met riet. waterdiepte +-60 cm","Ja","valnr.1  I.9220.9","procambarus clarkii"
326391599,"2024-08-29","10:42:00",51.058417,4.172176,30852,1,"True","Stilstaand water","levendig, dicht geklapt","derde dag proefproject. dijkgracht, waterstand geregeld met manuele sluizen, kanten begroeid met riet. waterdiepte +-60 cm","Ja","valnr.1  I.9220.9","procambarus clarkii"
326394312,"2024-08-30","10:26:00",51.058427,4.172159,30852,1,"True","Stilstaand water","","vierde dag proefproject. dijkgracht, waterstand geregeld met manuele sluizen, kanten begroeid met riet. waterdiepte +-60 cm","Ja","valnr.1  I.9220.9","procambarus clarkii"
325967404,"2024-08-27","10:59:00",51.058352,4.172183,30852,2,"True","Stilstaand water","levendig, dicht geklapt","eerste dag proefproject. dijkgracht, waterstand geregeld met manuele sluizen, kanten begroeid met riet. waterdiepte +-60 cm","Ja","valnr.2  I.9220.9","procambarus clarkii"
326038243,"2024-08-28","10:23:00",51.058368,4.172226,30724,2,"True","Stilstaand water","levendig, dicht geklapt","Tweede dag proefproject. dijkgracht, waterstand geregeld met manuele sluizen, kanten begroeid met riet. waterdiepte +-60 cm","Ja","valnr.2  I.9220.9","procambarus clarkii"
326391726,"2024-08-29","10:44:00",51.058376,4.172197,30852,0,"True","Stilstaand water","geen","derde dag proefproject. dijkgracht, waterstand geregeld met manuele sluizen, kanten begroeid met riet. waterdiepte +-60 cm","Ja","valnr.2  I.9220.9","procambarus clarkii"
326394437,"2024-08-30","10:30:00",51.058326,4.172214,30852,5,"True","Stilstaand water","","vierde dag proefproject. dijkgracht, waterstand geregeld met manuele sluizen, kanten begroeid met riet. waterdiepte +-60 cm","Ja","valnr.2  I.9220.9","procambarus clarkii"
325967846,"2024-08-27","11:03:00",51.058275,4.172213,30852,1,"True","Stilstaand water","levendig, dicht geklapt","eerste dag proefproject. dijkgracht, waterstand geregeld met manuele sluizen, kanten begroeid met riet. waterdiepte +-60 cm","Ja","valnr.3  I.9220.9","procambarus clarkii"
326038551,"2024-08-28","10:29:00",51.058234,4.172236,30852,1,"True","Stilstaand water","levendig, dicht geklapt","Tweede dag proefproject. dijkgracht, waterstand geregeld met manuele sluizen, kanten begroeid met riet. waterdiepte +-60 cm","Ja","valnr.3  I.9220.9","procambarus clarkii"
326391919,"2024-08-29","10:48:00",51.058262,4.172267,30852,1,"True","Stilstaand water","levendig, dicht geklapt","derde dag proefproject. dijkgracht, waterstand geregeld met manuele sluizen, kanten begroeid met riet. waterdiepte +-60 cm","Ja","valnr.3  I.9220.9","procambarus clarkii"
326394503,"2024-08-30","10:34:00",51.058267,4.172242,30852,1,"True","Stilstaand water","","vierde dag proefproject. dijkgracht, waterstand geregeld met manuele sluizen, kanten begroeid met riet. waterdiepte +-60 cm","Ja","valnr.3  I.9220.9","procambarus clarkii"
