"locID","soort","individuals.caught","days_sampled","start_date","end_date","consecutive","traps_used","CPUE","vrijwillID","by_protocol","Latitude","Longitude","CATC","VHAG"
"I_1501_1","crayfish indet",0,4,2024-08-23,2024-08-26,TRUE,12,0,"mzc3ytq4",TRUE,50.7447390025422,4.2502099959244,NA,NA
"I_1502_1","crayfish indet",0,4,2024-08-24,2024-08-27,TRUE,12,0,"yjq4y2nh",TRUE,50.7120313025491,4.22571339592696,1,6552
"I_1502_4","crayfish indet",0,4,2024-09-06,2024-09-09,TRUE,12,0,"mzc3ytq4",TRUE,50.7128000025497,4.23340099592515,NA,NA
"I_1540_1","crayfish indet",0,4,2025-08-12,2025-08-15,TRUE,12,0,"mjkyzjq3",TRUE,50.7461156,4.1030811,9,6571
"I_1540_2","crayfish indet",0,4,2025-08-12,2025-08-15,TRUE,12,0,"mjkyzjq3",TRUE,50.7520451,4.0576583,2,6404
"I_1541_2","crayfish indet",0,4,2025-08-18,2025-08-21,TRUE,12,0,"mjkyzjq3",TRUE,50.6993496,4.0144358,1,5952
"I_1547_1","crayfish indet",0,4,2025-09-01,2025-09-04,TRUE,12,0,"mjkyzjq3",TRUE,50.707375,3.9465587,2,6347
"I_1570_3","crayfish indet",0,4,2024-09-24,2024-09-27,TRUE,12,0,"yjbhmzzi",TRUE,50.739314,4.024344,NA,NA
"I_1600_1","crayfish indet",0,4,2025-07-10,2025-07-13,TRUE,12,0,"nmm2njmx",TRUE,50.77818,4.21213,NA,NA
"I_1600_4","crayfish indet",0,4,2024-08-18,2024-08-21,TRUE,12,0,"mziwognl",TRUE,50.7984079,4.2827493,1,6554
"I_1600_8","crayfish indet",0,4,2024-10-01,2024-10-05,FALSE,12,0,"otyyyjk1",TRUE,50.7935364,4.2699178,NA,NA
"I_1600_9","crayfish indet",0,4,2024-10-07,2024-10-10,TRUE,12,0,"otyyyjk1",TRUE,50.783287,4.242457,NA,NA
"I_1640_2","crayfish indet",0,4,2024-07-26,2024-07-29,TRUE,12,0,"yjq4y2nh",TRUE,50.7220474025577,4.32813989590278,9,0
"I_1653_1","crayfish indet",0,4,2024-07-26,2024-07-29,TRUE,12,0,"yjq4y2nh",TRUE,50.7268228025517,4.2879532959132,9,7068
"I_1654_2","crayfish indet",0,4,2024-08-30,2024-09-02,TRUE,12,0,"mzc3ytq4",TRUE,50.7562888025406,4.2657594959218,NA,NA
"I_1730_1","crayfish indet",0,4,2024-06-26,2024-06-29,TRUE,12,0,"ownlnda3",TRUE,50.9065872,4.2510468,2,6
"I_1740_1","crayfish indet",0,5,2024-10-03,2024-10-07,TRUE,15,0,"yjmznwm3",TRUE,50.8812453,4.1546679,1,6140
"I_1745_1","crayfish indet",0,5,2024-09-01,2024-09-05,TRUE,15,0,"ndzmm2ex",TRUE,50.960996,4.212466,2,615
"I_1750_1","crayfish indet",0,4,2025-08-11,2025-08-14,TRUE,12,0,"nmm2njmx",TRUE,50.79551,4.19683,NA,NA
"I_1755_4","crayfish indet",0,4,2024-08-29,2024-09-01,TRUE,12,0,"otgzymmz",TRUE,50.8004074,4.0705318,2,6044
"I_1770_1","faxonius limosus",10,4,2024-09-28,2024-10-01,TRUE,12,0.833333333333333,"yjmznwm3",TRUE,50.8854042,4.0965682,1,5956
"I_1790_1","crayfish indet",0,4,2024-09-28,2024-10-01,TRUE,12,0,"yjmznwm3",TRUE,50.8880448,4.1156538,1,5956
"I_1800_1","crayfish indet",0,4,2025-07-30,2025-08-02,TRUE,12,0,"njfjm2i0",TRUE,50.953136,4.4610634,2,6873
"I_1840_3","crayfish indet",0,4,2024-09-13,2024-09-16,TRUE,12,0,"nty4mmqw",TRUE,50.9808973,4.2640039,1,6
"I_1980_2","crayfish indet",0,4,2025-07-30,2025-08-02,TRUE,12,0,"njfjm2i0",TRUE,50.9535553,4.4420612,2,6996
"I_1980_3","crayfish indet",0,4,2025-08-12,2025-08-15,TRUE,12,0,"ymjlzthm",TRUE,50.9655389,4.4707173,0,6552
"I_1980_9","crayfish indet",0,4,2025-08-04,2025-08-09,FALSE,12,0,"njfjm2i0",TRUE,50.9530568,4.455003,NA,NA
"I_1980_9","procambarus clarkii",1,1,2025-08-05,2025-08-05,TRUE,3,0.333333333333333,"njfjm2i0",TRUE,50.9530568,4.455003,NA,NA
"I_1981_2","procambarus clarkii",6,3,2025-05-02,2025-05-04,TRUE,9,0.666666666666667,"mmmyngrm",TRUE,50.9863328,4.4905038,1,6560
"I_1981_2","crayfish indet",0,1,2025-05-30,2025-05-30,TRUE,3,0,"mmmyngrm",FALSE,50.9863328,4.4905038,1,6560
"I_1981_2","procambarus clarkii",3,2,2025-05-31,2025-06-01,TRUE,6,0.5,"mmmyngrm",TRUE,50.9863328,4.4905038,1,6560
"I_1981_3","faxonius limosus",3,1,2025-03-03,2025-03-03,TRUE,24,0.125,"odcxnmmx",TRUE,50.9876254,4.505414,NA,NA
"I_1981_3","procambarus clarkii",38,1,2025-03-03,2025-03-03,TRUE,24,1.58333333333333,"odcxnmmx",TRUE,50.9876254,4.505414,NA,NA
"I_1982_5","procambarus clarkii",28,4,2025-07-12,2025-07-15,TRUE,12,2.33333333333333,"ymjlzthm",TRUE,50.9609651,4.4781625,2,16593
"I_1982_7","crayfish indet",0,1,2025-07-20,2025-07-20,TRUE,3,0,"ymjlzthm",FALSE,50.9606829,4.4903475,2,6560
"I_1982_7","procambarus clarkii",12,3,2025-07-18,2025-07-21,FALSE,9,1.33333333333333,"ymjlzthm",TRUE,50.9606829,4.4903475,2,6560
"I_2020_1","crayfish indet",0,4,2024-09-25,2024-09-28,TRUE,12,0,"zdvjmdzk",TRUE,51.18664,4.40863,NA,NA
"I_2020_2","crayfish indet",0,4,2024-10-15,2024-10-18,TRUE,12,0,"zdvjmdzk",TRUE,51.17985,4.4122,NA,NA
"I_2030_4","crayfish indet",0,4,2024-08-10,2024-08-13,TRUE,12,0,"zjyxyjrl",TRUE,51.3013959,4.3723865,1,3104
"I_2100_2","crayfish indet",0,4,2024-08-15,2024-08-18,TRUE,12,0,"owmxyjiw",TRUE,51.2157209,4.4590502,1,3103
"I_2100_4","crayfish indet",0,2,2024-09-07,2024-09-09,FALSE,6,0,"owmxyjiw",FALSE,51.2129726,4.4713983,NA,NA
"I_2100_4","faxonius limosus",11,3,2024-09-06,2024-09-10,FALSE,9,1.22222222222222,"owmxyjiw",TRUE,51.2129726,4.4713983,NA,NA
"I_2110_1","crayfish indet",0,4,2024-09-10,2024-09-13,TRUE,12,0,"nwqymjk4",TRUE,51.2245608,4.5268978,NA,NA
"I_2180_1","crayfish indet",0,4,2024-08-19,2024-08-22,TRUE,12,0,"nzi4mtm4",TRUE,51.3017677,4.3725453,1,3104
"I_2200_5","crayfish indet",0,1,2024-09-22,2024-09-22,TRUE,3,0,"ytm3ngrh",FALSE,51.2012885,4.7942723,1,8504
"I_2220_1","procambarus acutus",196,1,2024-10-29,2024-10-29,TRUE,12,16.3333333333333,"odcxnmmx",TRUE,51.090445,4.7408571,NA,NA
"I_2220_1","procambarus acutus",108,1,2025-02-18,2025-02-18,TRUE,23,4.69565217391304,"odcxnmmx",TRUE,51.090445,4.7408571,NA,NA
"I_2220_2","procambarus acutus",11,1,2025-06-17,2025-06-17,TRUE,2,5.5,"odcxnmmx",TRUE,51.0907835,4.7412299,NA,NA
"I_2220_3","crayfish indet",0,1,2025-06-18,2025-06-18,TRUE,12,0,"odcxnmmx",TRUE,51.089962,4.744915,NA,NA
"I_2221_1","crayfish indet",0,4,2024-08-27,2024-08-30,TRUE,12,0,"mmm4mzq3",TRUE,51.0701906025052,4.7628235958319,2,8620
"I_2221_2","crayfish indet",0,5,2024-08-29,2024-09-02,TRUE,15,0,"ztfhota2",TRUE,51.0486977025138,4.78322789582454,2,8956
"I_2222_5","crayfish indet",0,1,2025-06-18,2025-06-18,TRUE,12,0,"odcxnmmx",TRUE,51.09293,4.740437,NA,NA
"I_2222_6","crayfish indet",0,1,2025-06-19,2025-06-19,TRUE,12,0,"odcxnmmx",TRUE,51.092366,4.742324,NA,NA
"I_2235_1","crayfish indet",0,4,2024-09-13,2024-09-16,TRUE,12,0,"yjbjnzi1",TRUE,51.0619956025121,4.80233249582118,2,8518
"I_2260_1","crayfish indet",0,4,2024-09-16,2024-09-19,TRUE,12,0,"ztfhota2",TRUE,51.1021604,4.8324878,1,8507
"I_2270_3","crayfish indet",0,4,2024-07-31,2024-08-03,TRUE,12,0,"mmm4mzq3",TRUE,51.1259324,4.7591022,1,8507
"I_2275_1","crayfish indet",0,4,2024-08-19,2024-08-22,TRUE,12,0,"njdknmu2",TRUE,51.225805,4.8581553,1,8504
"I_2275_2","crayfish indet",0,4,2024-08-13,2024-08-16,TRUE,12,0,"yjq0ntkw",TRUE,51.2668617,4.8841623,1,8504
"I_2275_3","crayfish indet",0,4,2024-08-13,2024-08-16,TRUE,12,0,"yjq0ntkw",TRUE,51.2679451,4.8376797,2,8572
"I_2300_4","crayfish indet",0,1,2024-09-22,2024-09-22,TRUE,3,0,"mzk5yjmz",FALSE,51.3101635,4.9474125,NA,NA
"I_2300_4","faxonius limosus",6,3,2024-09-21,2024-09-24,FALSE,9,0.666666666666667,"mzk5yjmz",TRUE,51.3101635,4.9474125,NA,NA
"I_2321_1","crayfish indet",0,4,2024-08-06,2024-08-09,TRUE,12,0,"zgjjotcy",TRUE,51.4452341,4.7472234,1,9502
"I_2330_1","crayfish indet",0,4,2024-09-27,2024-09-30,TRUE,12,0,"njixzjg3",TRUE,51.3604564,4.8320228,NA,NA
"I_2340_1","crayfish indet",0,4,2024-07-25,2024-07-28,TRUE,12,0,"otuwnjq5",TRUE,51.3128148,4.8376736,2,8572
"I_2340_2","crayfish indet",0,3,2024-07-30,2024-08-01,TRUE,9,0,"otuwnjq5",FALSE,51.3348974,4.8674389,NA,NA
"I_2340_2","faxonius limosus",1,1,2024-08-02,2024-08-02,TRUE,3,0.333333333333333,"otuwnjq5",TRUE,51.3348974,4.8674389,NA,NA
"I_2360_3","crayfish indet",0,4,2024-08-13,2024-08-16,TRUE,12,0,"mzk5yjmz",TRUE,51.3193559,4.9769205,2,8504
"I_2370_1","crayfish indet",0,4,2024-08-12,2024-08-15,TRUE,12,0,"zwy2zjg3",TRUE,51.3343984,5.1183225,2,8508
"I_2380_1","crayfish indet",0,3,2024-09-29,2024-10-02,FALSE,9,0,"zde4odbk",FALSE,51.359158,4.997395,NA,NA
"I_2380_1","faxonius limosus",1,1,2024-10-01,2024-10-01,TRUE,3,0.333333333333333,"zde4odbk",TRUE,51.359158,4.997395,NA,NA
"I_2387_3","crayfish indet",0,4,2024-09-26,2024-09-29,TRUE,12,0,"njixzjg3",TRUE,51.3986486,4.8996106,2,9670
"I_2400_2","crayfish indet",0,4,2024-07-16,2024-07-19,TRUE,12,0,"ztu0mthk",TRUE,51.1790866,5.1125897,1,8506
"I_2400_6","crayfish indet",0,4,2024-10-20,2024-10-23,TRUE,12,0,"mwnhmtq1",TRUE,51.230458,5.1813304,NA,NA
"I_2400_8","faxonius limosus",1,1,2024-09-04,2024-09-04,TRUE,3,0.333333333333333,"y2y0zdvk",TRUE,51.2138313,5.0524223,NA,NA
"I_2431_2","crayfish indet",0,2,2025-07-21,2025-07-22,TRUE,6,0,"otyymtfh",FALSE,51.0870393,4.9557391,1,8503
"I_2431_2","procambarus clarkii",2,2,2025-07-19,2025-07-20,TRUE,6,0.333333333333333,"otyymtfh",TRUE,51.0870393,4.9557391,1,8503
"I_2431_3","crayfish indet",0,3,2025-06-15,2025-06-18,FALSE,9,0,"ztyxmjnj",FALSE,51.0738039,5.0334369,1,8503
"I_2431_3","procambarus clarkii",1,1,2025-06-17,2025-06-17,TRUE,3,0.333333333333333,"ztyxmjnj",TRUE,51.0738039,5.0334369,1,8503
"I_2440_1","crayfish indet",0,4,2025-07-05,2025-07-08,TRUE,12,0,"ztyxmjnj",TRUE,51.1032353,4.9847864,NA,NA
"I_2450_1","crayfish indet",0,4,2025-05-28,2025-06-01,FALSE,12,0,"ztyxmjnj",TRUE,51.13643,5.0916118,NA,NA
"I_2450_1","faxonius limosus",1,1,2025-05-31,2025-05-31,TRUE,3,0.333333333333333,"ztyxmjnj",TRUE,51.13643,5.0916118,NA,NA
"I_2460_10","crayfish indet",0,4,2024-08-20,2024-08-23,TRUE,12,0,"yjq0ntkw",TRUE,51.2440713,4.9130423,NA,NA
"I_2460_2","crayfish indet",0,2,2024-08-15,2024-08-16,TRUE,6,0,"owm5ndk2",FALSE,51.1987613,4.9030521,1,8502
"I_2460_2","faxonius limosus",3,2,2024-08-13,2024-08-14,TRUE,6,0.5,"owm5ndk2",TRUE,51.1987613,4.9030521,1,8502
"I_2460_7","crayfish indet",0,4,2024-08-26,2024-08-29,TRUE,12,0,"njdknmu2",TRUE,51.2432886,4.8728888,1,8504
"I_2480_2","crayfish indet",0,4,2024-09-07,2024-09-10,TRUE,12,0,"zgu4nzuz",TRUE,51.233302,5.1045285,2,8502
"I_2491_7","crayfish indet",0,4,2024-08-29,2024-09-02,FALSE,12,0,"ymfmywyx",TRUE,51.150198,5.151801,NA,NA
"I_2500_1","crayfish indet",0,5,2024-09-12,2024-09-16,TRUE,15,0,"zgi0mju3",TRUE,51.1348,4.518105,2,8839
"I_2500_7","crayfish indet",0,3,2024-10-14,2024-10-19,FALSE,9,0,"zgi0mju3",FALSE,51.1469777,4.5494446,NA,NA
"I_2520_1","crayfish indet",0,3,2024-09-03,2024-09-05,TRUE,9,0,"mmmwzmrh",FALSE,51.1712784,4.6298545,1,8505
"I_2520_1","faxonius limosus",1,1,2024-09-06,2024-09-06,TRUE,3,0.333333333333333,"mmmwzmrh",TRUE,51.1712784,4.6298545,1,8505
"I_2520_4","crayfish indet",0,1,2024-08-27,2024-08-27,TRUE,3,0,"ota3ymuw",FALSE,51.2285958,4.6120736,1,NA
"I_2520_4","crayfish indet",0,2,2024-09-06,2024-09-11,FALSE,6,0,"ota3ymuw",FALSE,51.2285958,4.6120736,1,NA
"I_2520_8","crayfish indet",0,5,2024-09-15,2024-09-19,TRUE,15,0,"zjkwzmrj",TRUE,51.210439,4.615385,NA,NA
"I_2547_1","crayfish indet",0,4,2024-09-20,2024-09-25,FALSE,12,0,"zgi0mju3",TRUE,51.1273567,4.4924606,NA,NA
"I_2550_2","crayfish indet",0,4,2024-10-16,2024-10-19,TRUE,12,0,"otjhmjg3",TRUE,51.1391208,4.4500527,NA,NA
"I_2550_3","crayfish indet",0,3,2024-10-06,2024-10-09,FALSE,9,0,"otjhmjg3",FALSE,51.1426612,4.4084352,NA,NA
"I_2600_2","crayfish indet",0,4,2024-09-04,2024-09-07,TRUE,12,0,"zdvjmdzk",TRUE,51.1905352,4.4293877,NA,NA
"I_2610_1","crayfish indet",0,5,2024-09-03,2024-09-07,TRUE,14,0,"zgjhngvm",TRUE,51.1634236,4.4021273,NA,NA
"I_2610_2","crayfish indet",0,4,2024-08-09,2024-08-12,TRUE,12,0,"ymjlzwe4",TRUE,51.1636463,4.3741224,NA,NA
"I_2610_3","procambarus virginalis",30,4,2024-08-13,2024-08-16,TRUE,12,2.5,"ymjlzwe4",TRUE,51.1653519,4.3666873,NA,NA
"I_2620_1","crayfish indet",0,4,2024-10-11,2024-10-14,TRUE,12,0,"mgexnjex",TRUE,51.1325115,4.3494272,1,3108
"I_2630_3","crayfish indet",0,2,2024-10-12,2024-10-14,FALSE,6,0,"otjhmjg3",FALSE,51.1377952,4.3945113,NA,NA
"I_2640_1","crayfish indet",0,3,2024-08-28,2024-08-31,FALSE,8,0,"zgjhngvm",FALSE,51.1718562,4.4609497,NA,NA
"I_2640_1","procambarus virginalis",2,1,2024-08-29,2024-08-29,TRUE,2,1,"zgjhngvm",TRUE,51.1718562,4.4609497,NA,NA
"I_2800_1","crayfish indet",0,4,2025-06-01,2025-06-04,TRUE,12,0,"yjdjywix",TRUE,51.0484016,4.4519654,1,6553
"I_2800_3","crayfish indet",0,2,2025-07-19,2025-07-22,FALSE,6,0,"yjdjywix",FALSE,51.0666831,4.4511176,NA,NA
"I_2800_3","faxonius limosus",2,2,2025-07-20,2025-07-21,TRUE,6,0.333333333333333,"yjdjywix",TRUE,51.0666831,4.4511176,NA,NA
"I_2811_7","crayfish indet",0,5,2025-05-20,2025-05-24,TRUE,11,0,"ntk3ywvl ",FALSE,51.0108231,4.4454555,NA,NA
"I_2812_1","procambarus clarkii",14,4,2025-07-19,2025-07-27,FALSE,12,1.16666666666667,"mmmyngrm",TRUE,51.0044234,4.5187625,1,6560
"I_2812_2","crayfish indet",0,5,2025-07-19,2025-07-23,TRUE,15,0,"zmnhnje5",TRUE,51.02408,4.5209212,1,6553
"I_2830_2","crayfish indet",0,4,2025-05-13,2025-05-16,TRUE,12,0,"ztc4nmfl",TRUE,51.0576496,4.3922546,2,0
"I_2830_3","crayfish indet",0,5,2025-07-29,2025-08-02,TRUE,15,0,"ztc4nmfl",TRUE,51.0590381,4.3844079,NA,NA
"I_2830_4","crayfish indet",0,4,2025-05-13,2025-05-16,TRUE,12,0,"ztc4nmfl",TRUE,51.0544065,4.3933008,NA,NA
"I_2840_4","crayfish indet",0,4,2024-09-03,2024-09-06,TRUE,12,0,"ntvinwe1",TRUE,51.0779516,4.4314065,NA,NA
"I_2860_3","crayfish indet",0,4,2025-06-15,2025-06-18,TRUE,12,0,"yjdjywix",TRUE,51.075153,4.4834901,2,9112
"I_2860_4","crayfish indet",0,3,2024-10-16,2024-10-18,TRUE,9,0,"odbjody4",FALSE,51.0598583,4.5109872,NA,NA
"I_2860_4","crayfish indet",0,1,2025-06-09,2025-06-09,TRUE,3,0,"yjdjywix",FALSE,51.0598583,4.5109872,NA,NA
"I_2860_4","procambarus clarkii",13,3,2025-06-10,2025-06-12,TRUE,9,1.44444444444444,"yjdjywix",TRUE,51.0598583,4.5109872,NA,NA
"I_2870_1","crayfish indet",0,4,2024-07-06,2024-07-09,TRUE,12,0,"zwuxmwy1",TRUE,51.0950370024481,4.31745249594477,1,6
"I_2870_2","crayfish indet",0,4,2024-07-20,2024-07-23,TRUE,12,0,"zwuxmwy1",TRUE,51.0746396024564,4.33886299593737,1,3106
"I_2870_8","crayfish indet",0,4,2024-10-08,2024-10-11,TRUE,12,0,"njm2yzlk",TRUE,51.0804692024467,4.2672168959556,NA,NA
"I_2870_9","crayfish indet",0,4,2024-10-02,2024-10-05,TRUE,12,0,"njm2yzlk",TRUE,51.0725540024493,4.2699230959541,NA,NA
"I_2880_1","crayfish indet",0,3,2024-08-04,2024-08-06,TRUE,9,0,"zge1otbm",FALSE,51.0913189,4.2391514,NA,NA
"I_2880_1","faxonius limosus",1,1,2024-08-03,2024-08-03,TRUE,3,0.333333333333333,"zge1otbm",TRUE,51.0913189,4.2391514,NA,NA
"I_2880_11","crayfish indet",0,4,2024-09-12,2024-09-15,TRUE,12,0,"mthjnmy5",TRUE,51.1180833,4.2985397,NA,NA
"I_2880_12","crayfish indet",0,4,2024-09-12,2024-09-15,TRUE,12,0,"mthjnmy5",TRUE,51.0925450024483,4.31271549594568,NA,NA
"I_2880_13","crayfish indet",0,4,2024-09-24,2024-09-27,TRUE,12,0,"njm2yzlk",TRUE,51.0836332,4.2890212,NA,NA
"I_2880_2","crayfish indet",0,3,2024-08-07,2024-08-09,TRUE,9,0,"zge1otbm",FALSE,51.1092937,4.2478199,NA,NA
"I_2880_2","procambarus clarkii",1,1,2024-08-10,2024-08-10,TRUE,3,0.333333333333333,"zge1otbm",TRUE,51.1092937,4.2478199,NA,NA
"I_2890_1","crayfish indet",0,4,2024-10-22,2024-10-25,TRUE,12,0,"njm2yzlk",TRUE,51.0541728024537,4.26214469595409,1,6
"I_2900_1","crayfish indet",0,3,2024-10-01,2024-10-04,FALSE,9,0,"nmvkndjl",FALSE,51.2871379,4.5257715,NA,NA
"I_2900_1","faxonius limosus",1,1,2024-10-03,2024-10-03,TRUE,3,0.333333333333333,"nmvkndjl",TRUE,51.2871379,4.5257715,NA,NA
"I_2900_3","faxonius limosus",8,4,2024-07-09,2024-07-12,TRUE,12,0.666666666666667,"nmvkndjl",TRUE,51.2927059,4.5470864,NA,NA
"I_2920_10","procambarus virginalis",16,2,2024-10-19,2024-10-20,TRUE,6,2.66666666666667,"ywyxmtey",TRUE,51.3687658023891,4.49336629592995,NA,NA
"I_2920_4","crayfish indet",0,4,2024-08-13,2024-08-16,TRUE,12,0,"yjqxzmiz",TRUE,51.4264226023746,4.51036579593173,2,9918
"I_2920_8","crayfish indet",0,2,2025-07-17,2025-07-19,FALSE,6,0,"ywyxmtey",FALSE,51.4223627,4.5271094,NA,NA
"I_2920_8","faxonius limosus",2,1,2025-07-18,2025-07-18,TRUE,3,0.666666666666667,"ywyxmtey",TRUE,51.4223627,4.5271094,NA,NA
"I_2920_9","crayfish indet",0,3,2024-10-30,2024-11-01,TRUE,9,0,"ywyxmtey",FALSE,51.428769,4.5248433,NA,NA
"I_2920_9","crayfish indet",0,5,2025-08-23,2025-08-29,FALSE,15,0,"ywyxmtey",TRUE,51.428769,4.5248433,NA,NA
"I_2930_10","crayfish indet",0,3,2024-10-11,2024-10-14,FALSE,9,0,"ztnjowu1",FALSE,51.2870106,4.5002058,NA,NA
"I_2930_10","faxonius limosus",1,1,2024-10-12,2024-10-12,TRUE,3,0.333333333333333,"ztnjowu1",TRUE,51.2870106,4.5002058,NA,NA
"I_2930_6","crayfish indet",0,3,2024-07-30,2024-08-02,FALSE,9,0,"nmvkndjl",FALSE,51.3022217,4.5369521,NA,NA
"I_2930_6","faxonius limosus",1,1,2024-08-01,2024-08-01,TRUE,3,0.333333333333333,"nmvkndjl",TRUE,51.3022217,4.5369521,NA,NA
"I_2940_1","crayfish indet",0,4,2024-08-27,2024-08-30,TRUE,12,0,"nzi4mtm4",TRUE,51.3412834,4.3502764,1,113
"I_2940_2","crayfish indet",0,4,2024-07-09,2024-07-12,TRUE,12,0,"zjyxyjrl",TRUE,51.3429651,4.3775854,1,113
"I_2950_2","crayfish indet",0,4,2024-09-04,2024-09-07,TRUE,12,0,"nzi4mtm4",TRUE,51.3463916,4.4291238,1,NA
"I_2960_3","crayfish indet",0,4,2025-06-26,2025-06-29,TRUE,12,0,"mdq4mmy1",TRUE,51.3482097,4.614661,2,9503
"I_2960_4","crayfish indet",0,2,2024-08-27,2024-08-28,TRUE,6,0,"mdq4mmy1",FALSE,51.3360393024162,4.65357059588695,NA,NA
"I_2960_4","faxonius limosus",2,2,2024-08-29,2024-08-30,TRUE,6,0.333333333333333,"mdq4mmy1",TRUE,51.3360393024162,4.65357059588695,NA,NA
"I_2970_1","crayfish indet",0,4,2024-07-03,2024-07-06,TRUE,12,0,"nmvkndjl",TRUE,51.2630475,4.5877525,1,17603
"I_2970_2","crayfish indet",0,4,2024-08-13,2024-08-16,TRUE,12,0,"nmvkndjl",TRUE,51.2483174,4.5985564,1,17603
"I_2990_1","crayfish indet",0,4,2024-08-06,2024-08-09,TRUE,12,0,"zgjjotcy",TRUE,51.4211058023905,4.64116769589886,1,9503
"I_2990_10","crayfish indet",0,3,2025-07-20,2025-07-22,TRUE,9,0,"ywyxmtey",FALSE,51.4235034,4.5419916,2,9773
"I_3000_3","crayfish indet",0,4,2024-09-27,2024-09-30,TRUE,12,0,"yjdkn2u5",TRUE,50.860611,4.736806,2,6557
"I_3001_4","crayfish indet",0,4,2024-09-07,2024-09-10,TRUE,12,0,"nwi1ntu1",TRUE,50.8715217,4.6903964,1,6919
"I_3001_5","crayfish indet",0,4,2024-09-01,2024-09-04,TRUE,12,0,"y2nhotdk",TRUE,50.8633361,4.6721017,1,6919
"I_3001_7","crayfish indet",0,4,2024-08-27,2024-08-30,TRUE,12,0,"y2nhotdk",TRUE,50.8637529,4.7141723,NA,NA
"I_3010_10","crayfish indet",0,4,2024-07-30,2024-08-02,TRUE,12,0,"nzq2nzbh",TRUE,50.8935525,4.7281685,NA,NA
"I_3010_4","crayfish indet",0,4,2024-07-30,2024-08-02,TRUE,12,0,"nzq2nzbh",TRUE,50.8943306,4.7227575,NA,NA
"I_3010_5","procambarus virginalis",19,4,2024-09-03,2024-09-06,TRUE,12,1.58333333333333,"nzq2nzbh",TRUE,50.8921988,4.7205903,NA,NA
"I_3010_6","crayfish indet",0,1,2024-09-05,2024-09-05,TRUE,3,0,"nzq2nzbh",FALSE,50.8926286,4.7253163,NA,NA
"I_3010_6","faxonius limosus",6,3,2024-09-03,2024-09-06,FALSE,9,0.666666666666667,"nzq2nzbh",TRUE,50.8926286,4.7253163,NA,NA
"I_3010_8","procambarus virginalis",37,4,2024-09-03,2024-09-06,TRUE,12,3.08333333333333,"nzq2nzbh",TRUE,50.8931725,4.7201455,NA,NA
"I_3010_9","crayfish indet",0,3,2024-09-03,2024-09-06,FALSE,9,0,"nzq2nzbh",FALSE,50.8927698,4.7214705,NA,NA
"I_3010_9","procambarus virginalis",1,1,2024-09-05,2024-09-05,TRUE,3,0.333333333333333,"nzq2nzbh",TRUE,50.8927698,4.7214705,NA,NA
"I_3012_8","crayfish indet",0,4,2024-08-07,2024-08-10,TRUE,12,0,"mzqxyjhi",TRUE,50.9056413,4.7035974,NA,NA
"I_3061_1","crayfish indet",0,4,2024-09-22,2024-09-25,TRUE,12,0,"zja3zjyx",TRUE,50.8565096,4.6076213,2,6919
"I_3070_1","crayfish indet",0,4,2024-08-04,2024-08-07,TRUE,12,0,"zja3zjyx",TRUE,50.8846604,4.5507054,9,0
"I_3080_2","crayfish indet",0,4,2024-07-26,2024-07-29,TRUE,12,0,"zthmztvh",TRUE,50.8310642,4.5445525,NA,NA
"I_3090_1","crayfish indet",0,4,2025-07-23,2025-07-26,TRUE,12,0,"owm3nzbk",TRUE,50.7688133,4.5096449,2,6556
"I_3090_6","crayfish indet",0,4,2025-07-19,2025-07-22,TRUE,12,0,"owm3nzbk",TRUE,50.7687761,4.5185848,NA,NA
"I_3090_7","crayfish indet",0,4,2025-07-23,2025-07-26,TRUE,12,0,"owm3nzbk",TRUE,50.7708377,4.5388971,NA,NA
"I_3090_8","crayfish indet",0,4,2025-07-19,2025-07-22,TRUE,12,0,"owm3nzbk",TRUE,50.7793222,4.5545423,NA,NA
"I_3110_7","crayfish indet",0,4,2024-10-01,2024-10-04,TRUE,12,0,"odi5ngi0",TRUE,50.9597795,4.7292443,NA,NA
"I_3118_1","crayfish indet",0,4,2024-10-01,2024-10-04,TRUE,12,0,"odi5ngi0",TRUE,50.96651,4.6946368,1,6551
"I_3190_1","crayfish indet",0,4,2024-09-20,2024-09-23,TRUE,12,0,"ymuxmjez",TRUE,50.9861762,4.5701582,2,6559
"I_3190_4","crayfish indet",0,4,2024-09-30,2024-10-03,TRUE,12,0,"ymuxmjez",TRUE,50.9908156025078,4.58167329586854,2,6558
"I_3220_2","crayfish indet",0,4,2024-10-16,2024-10-19,TRUE,12,0,"zjbmngyy",TRUE,50.9343435,4.8303267,NA,NA
"I_3271_1","crayfish indet",0,4,2024-08-26,2024-08-29,TRUE,12,0,"otyymtfh",TRUE,51.0071698,4.9664636,1,7360
"I_3271_4","crayfish indet",0,4,2024-08-30,2024-09-02,TRUE,12,0,"otyymtfh",TRUE,51.0085692,4.9912887,1,7360
"I_3272_2","crayfish indet",0,4,2024-09-19,2024-09-22,TRUE,12,0,"otyymtfh",TRUE,51.002933,4.9333761,0,7151
"I_3290_5","crayfish indet",0,4,2024-08-27,2024-08-30,TRUE,12,0,"nwnizjfi",TRUE,51.03249,5.11059,2,7751
"I_3320_1","crayfish indet",0,4,2025-05-15,2025-05-18,TRUE,12,0,"nzyyotg1",TRUE,50.7759463,4.9000942,1,7153
"I_3400_4","crayfish indet",0,5,2024-10-30,2024-11-03,TRUE,15,0,"yji2zte1",TRUE,50.7749738026195,5.00260139574039,1,7161
"I_3440_5","crayfish indet",0,5,2024-10-21,2024-10-25,TRUE,10,0,"nwi2m2u2",FALSE,50.8466138026109,5.11138849572072,2,7161
"I_3440_6","crayfish indet",0,4,2024-08-08,2024-08-11,TRUE,12,0,"nwi2m2u2",TRUE,50.8409316026114,5.10147339572261,1,7957
"I_3440_8","crayfish indet",0,4,2025-07-28,2025-07-31,TRUE,12,0,"nwi2m2u2",TRUE,50.842011,5.125022,NA,NA
"I_3450_1","crayfish indet",0,4,2025-07-25,2025-07-28,TRUE,12,0,"otyymtfh",TRUE,50.9000984,5.1276598,9,7162
"I_3450_3","crayfish indet",0,4,2025-07-04,2025-07-07,TRUE,12,0,"ngq0zmji",TRUE,50.8878124,5.1201843,1,7162
"I_3450_5","crayfish indet",0,4,2025-07-25,2025-07-28,TRUE,12,0,"otyymtfh",TRUE,50.9000619,5.1332746,1,7154
"I_3470_1","crayfish indet",0,4,2025-06-29,2025-07-02,TRUE,12,0,"ngq0zmji",TRUE,50.8954866,5.0343933,1,7155
"I_3471_1","crayfish indet",0,4,2025-06-29,2025-07-02,TRUE,12,0,"ngq0zmji",TRUE,50.8704892,4.9827656,1,7155
"I_3500_1","crayfish indet",0,4,2025-06-23,2025-06-30,FALSE,12,0,"mdy2ngvi",TRUE,50.8883133,5.3243742,NA,NA
"I_3511_2","crayfish indet",0,4,2024-07-18,2024-07-21,TRUE,12,0,"zwexnwe1",TRUE,50.9595413,5.2706883,1,7151
"I_3511_4","crayfish indet",0,4,2024-08-06,2024-08-09,TRUE,12,0,"zwexnwe1",TRUE,50.9652475,5.2918906,2,0
"I_3511_4","crayfish indet",0,4,2024-08-26,2024-08-29,TRUE,12,0,"zwexnwe1",TRUE,50.9652475,5.2918906,2,0
"I_3512_1","crayfish indet",0,4,2025-07-04,2025-07-07,TRUE,12,0,"mdy2ngvi",TRUE,50.9197078,5.2421134,NA,NA
"I_3520_1","crayfish indet",0,4,2025-07-15,2025-07-18,TRUE,12,0,"zjiyngyx",TRUE,50.991651,5.3872974,NA,NA
"I_3520_4","crayfish indet",0,3,2024-08-29,2024-09-01,FALSE,9,0,"zjiyngyx",FALSE,50.9869595,5.3508929,2,0
"I_3520_4","procambarus acutus",1,1,2024-08-31,2024-08-31,TRUE,3,0.333333333333333,"zjiyngyx",TRUE,50.9869595,5.3508929,2,0
"I_3520_8","faxonius limosus",5,4,2024-08-06,2024-08-09,TRUE,12,0.416666666666667,"zmvizjk1",TRUE,50.9864473,5.3163818,NA,NA
"I_3530_3","crayfish indet",0,5,2025-07-27,2025-07-31,TRUE,15,0,"mtmzmge1",TRUE,51.0330313,5.4219622,NA,NA
"I_3530_4","crayfish indet",0,4,2025-07-22,2025-07-25,TRUE,12,0,"mtmzmge1",TRUE,51.0387988,5.3564118,NA,NA
"I_3550_2","crayfish indet",0,4,2024-08-06,2024-08-09,TRUE,12,0,"zmvizjk1",TRUE,50.9991189,5.2597765,2,7623
"I_3560_8","crayfish indet",0,4,2024-08-13,2024-08-16,TRUE,12,0,"zmvizjk1",TRUE,50.9738454,5.1729945,1,7196
"I_3570_1","crayfish indet",0,4,2025-05-23,2025-05-26,TRUE,12,0,"mdy2ngvi",TRUE,50.8886293,5.3075097,1,7812
"I_3580_1","crayfish indet",0,4,2024-09-26,2024-09-29,TRUE,12,0,"m2i4yzvl",TRUE,51.0419336,5.2287682,2,0
"I_3582_1","crayfish indet",0,4,2024-10-03,2024-10-06,TRUE,12,0,"mzc5yzc3",TRUE,51.0596175,5.2371641,2,7455
"I_3582_3","crayfish indet",0,4,2024-10-05,2024-10-08,TRUE,12,0,"m2i4yzvl",TRUE,51.0690631,5.2555738,2,7157
"I_3582_5","crayfish indet",0,4,2024-10-29,2024-11-01,TRUE,12,0,"mzc5yzc3",TRUE,51.0807552,5.32604,NA,NA
"I_3590_2","crayfish indet",0,4,2024-07-30,2024-08-02,TRUE,12,0,"mdcxmmmy",TRUE,50.9238133486224,5.39591865832034,1,7151
"I_3600_1","crayfish indet",0,4,2024-07-04,2024-07-07,TRUE,12,0,"yzayn2iy",TRUE,50.9582301,5.4719828,2,8038
"I_3600_11","crayfish indet",0,3,2024-08-27,2024-08-29,TRUE,9,0,"mdnjzwy3",FALSE,50.9773846,5.4927852,NA,NA
"I_3600_12","crayfish indet",0,3,2024-08-27,2024-08-29,TRUE,9,0,"mdnjzwy3",FALSE,50.9786478,5.4934182,NA,NA
"I_3621_3","procambarus acutus",8,1,2024-10-29,2024-10-29,TRUE,12,0.666666666666667,"odcxnmmx",TRUE,50.9361600026492,5.66343999559025,NA,NA
"I_3640_1","crayfish indet",0,4,2025-07-02,2025-07-05,TRUE,12,0,"n2jjztbi",TRUE,51.125738,5.811887,1,9505
"I_3640_11","crayfish indet",0,4,2024-07-13,2024-07-16,TRUE,12,0,"ztnhyzk1",TRUE,51.1717186,5.7795737,1,9967
"I_3640_16","crayfish indet",0,1,2024-08-30,2024-08-30,TRUE,3,0,"mznknjaw",FALSE,51.1527600025953,5.75200999559096,NA,NA
"I_3640_16","faxonius limosus",6,3,2024-08-29,2024-09-02,FALSE,9,0.666666666666667,"mznknjaw",TRUE,51.1527600025953,5.75200999559096,NA,NA
"I_3640_17","crayfish indet",0,3,2024-08-24,2024-08-27,FALSE,9,0,"mznknjaw",FALSE,51.1584440025882,5.70584099560337,NA,NA
"I_3640_17","faxonius limosus",1,1,2024-08-25,2024-08-25,TRUE,3,0.333333333333333,"mznknjaw",TRUE,51.1584440025882,5.70584099560337,NA,NA
"I_3640_3","crayfish indet",0,5,2024-09-11,2024-09-16,FALSE,15,0,"mznknjaw",TRUE,51.1698770025923,5.76991459558821,1,9967
"I_3640_4","crayfish indet",0,4,2024-07-08,2024-07-11,TRUE,12,0,"ztnhyzk1",TRUE,51.1645167025904,5.7399778955953,1,9967
"I_3640_6","crayfish indet",0,2,2024-07-17,2024-07-18,TRUE,6,0,"ztnhyzk1",FALSE,51.1508565025986,5.77547279558475,1,9522
"I_3640_6","faxonius limosus",2,2,2024-07-19,2024-07-20,TRUE,6,0.333333333333333,"ztnhyzk1",TRUE,51.1508565025986,5.77547279558475,1,9522
"I_3650_16","crayfish indet",0,4,2025-07-26,2025-07-29,TRUE,12,0,"ngrkywmz",TRUE,51.0622554,5.7729366,NA,NA
"I_3660_1","crayfish indet",0,2,2024-07-25,2024-07-30,FALSE,6,0,"nzzlmmvm",FALSE,51.0767210026086,5.67345699560286,1,10004
"I_3660_1","crayfish indet",0,1,2024-09-12,2024-09-12,TRUE,3,0,"nzzlmmvm",FALSE,51.0767210026086,5.67345699560286,1,10004
"I_3670_6","crayfish indet",0,5,2024-08-11,2024-08-15,TRUE,15,0,"mznkyti0",TRUE,51.1244491025758,5.51500789564836,2,9505
"I_3680_1","procambarus clarkii",27,4,2025-07-09,2025-07-12,TRUE,12,2.25,"n2jjztbi",TRUE,51.1040778,5.809133,1,10004
"I_3680_10","crayfish indet",0,4,2024-09-17,2024-09-20,TRUE,12,0,"n2jjztbi",TRUE,51.0913630026089,5.71372299559415,NA,NA
"I_3680_4","crayfish indet",0,4,2025-08-05,2025-08-08,TRUE,12,0,"nzzlmmvm",TRUE,51.0563721,5.6356721,1,10004
"I_3680_8","procambarus clarkii",4,4,2025-07-09,2025-07-12,TRUE,12,0.333333333333333,"n2jjztbi",TRUE,51.0978871,5.8069542,NA,NA
"I_3740_4","crayfish indet",0,5,2024-08-03,2024-08-07,TRUE,15,0,"zji2zgyw",TRUE,50.8898258,5.5063873,1,7151
"I_3740_6","crayfish indet",0,5,2024-08-03,2024-08-07,TRUE,15,0,"zji2zgyw",TRUE,50.8633251,5.5139927,NA,NA
"I_3746_1","crayfish indet",0,5,2024-08-08,2024-08-12,TRUE,15,0,"zji2zgyw",TRUE,50.8932569,5.5486044,2,7642
"I_3900_1","crayfish indet",0,4,2024-08-17,2024-08-20,TRUE,12,0,"mdflzwm0",TRUE,51.186019,5.436245,1,9512
"I_3900_2","crayfish indet",0,4,2024-08-17,2024-08-20,TRUE,12,0,"mdflzwm0",TRUE,51.173648,5.436339,1,9512
"I_3910_13","faxonius limosus",5,4,2024-08-30,2024-09-02,TRUE,12,0.416666666666667,"mdflzwm0",TRUE,51.248411,5.41703,NA,NA
"I_3910_2","crayfish indet",0,4,2024-09-02,2024-09-05,TRUE,12,0,"mdflzwm0",TRUE,51.2358368,5.4214858,1,9512
"I_3910_4","crayfish indet",0,3,2024-10-11,2024-10-13,TRUE,9,0,"yjvinjli",FALSE,51.2402072,5.4952079,1,9508
"I_3910_6","crayfish indet",0,4,2024-08-30,2024-09-02,TRUE,12,0,"mdflzwm0",TRUE,51.2679807,5.4284195,1,9512
"I_3930_1","crayfish indet",0,3,2025-06-25,2025-06-27,TRUE,9,0,"mdflzwm0",FALSE,51.2091835,5.5574111,2,10201
"I_3930_1","faxonius limosus",4,1,2025-06-28,2025-06-28,TRUE,3,1.33333333333333,"mdflzwm0",TRUE,51.2091835,5.5574111,2,10201
"I_3930_2","crayfish indet",0,4,2025-08-06,2025-08-09,TRUE,12,0,"mdflzwm0",TRUE,51.2966876,5.4865843,1,9508
"I_3950_6","crayfish indet",0,4,2025-06-25,2025-06-28,TRUE,12,0,"mdflzwm0",TRUE,51.1967998,5.4954027,2,9508
"I_3980_2","crayfish indet",0,5,2025-08-11,2025-08-15,TRUE,15,0,"yzjkywm1",TRUE,51.0442797,5.1209392,1,7751
"I_3980_3","crayfish indet",0,4,2025-07-19,2025-07-22,TRUE,12,0,"otyymtfh",TRUE,51.0790464,5.0587994,1,8503
"I_3980_4","crayfish indet",0,3,2025-08-11,2025-08-13,TRUE,9,0,"yzjkywm1",FALSE,51.082602,5.0939029,1,8503
"I_3980_4","procambarus clarkii",2,1,2025-08-14,2025-08-14,TRUE,3,0.666666666666667,"yzjkywm1",TRUE,51.082602,5.0939029,1,8503
"I_3990_5","crayfish indet",0,4,2024-08-19,2024-08-22,TRUE,12,0,"mwnhmtq1",TRUE,51.1165486025638,5.39167379567882,2,9702
"I_8020_1","crayfish indet",0,4,2024-07-16,2024-07-19,TRUE,12,0,"mdjjotdj",TRUE,51.1530017,3.2531877,1,28
"I_8020_10","crayfish indet",0,1,2024-10-18,2024-10-18,TRUE,4,0,"odcxnmmx",FALSE,51.1035502,3.2041622,NA,NA
"I_8020_3","crayfish indet",0,4,2024-10-05,2024-10-08,TRUE,12,0,"ymzlmda2",TRUE,51.1025832,3.2575029,1,927
"I_8020_6","crayfish indet",0,1,2024-10-18,2024-10-18,TRUE,4,0,"odcxnmmx",FALSE,51.13214,3.25372,1,845
"I_8020_8","crayfish indet",0,1,2024-10-18,2024-10-18,TRUE,4,0,"odcxnmmx",FALSE,51.1777616,3.2349959,NA,NA
"I_8020_9","crayfish indet",0,1,2024-10-18,2024-10-18,TRUE,4,0,"odcxnmmx",FALSE,51.0713302,3.1864224,NA,NA
"I_8200_2","crayfish indet",0,5,2024-09-28,2024-10-02,TRUE,15,0,"ymu3ntm1",TRUE,51.1744665,3.208793,1,54716
"I_8200_4","procambarus clarkii",12,4,2024-10-05,2024-10-08,TRUE,12,1,"ymu3ntm1",TRUE,51.2167651,3.1911161,NA,NA
"I_8300_3","crayfish indet",0,1,2024-10-16,2024-10-16,TRUE,3,0,"ntvlndrm",FALSE,51.327339,3.3394706,1,2230
"I_8300_3","procambarus clarkii",4,3,2024-10-17,2024-10-19,TRUE,9,0.444444444444444,"ntvlndrm",TRUE,51.327339,3.3394706,1,2230
"I_8300_7","procambarus clarkii",9,3,2024-09-25,2024-09-27,TRUE,11,0.818181818181818,"nzlkmtvh",TRUE,51.3319846,3.2988945,1,0
"I_8300_8","crayfish indet",0,2,2024-09-21,2024-09-22,TRUE,6,0,"nzlkmtvh",FALSE,51.3451031,3.2827663,NA,NA
"I_8300_9","crayfish indet",0,1,2024-09-17,2024-09-17,TRUE,3,0,"nzlkmtvh",FALSE,51.335653,3.2774769,NA,NA
"I_8300_9","procambarus clarkii",18,3,2024-09-18,2024-09-20,TRUE,9,2,"nzlkmtvh",TRUE,51.335653,3.2774769,NA,NA
"I_8301_1","procambarus clarkii",26,4,2024-08-27,2024-08-30,TRUE,12,2.16666666666667,"ntvlndrm",TRUE,51.3276998,3.237953,1,2125
"I_8301_3","procambarus clarkii",18,4,2024-10-01,2024-10-04,TRUE,12,1.5,"ntvlndrm",TRUE,51.328525,3.262212,NA,NA
"I_8310_6","crayfish indet",0,3,2024-10-03,2024-10-05,TRUE,9,0,"mmy5nzkz",FALSE,51.182775,3.233472,NA,NA
"I_8340_7","procambarus clarkii",21,4,2025-07-15,2025-07-18,TRUE,12,1.75,"m2u0nwi3",TRUE,51.2532994,3.2863563,1,2124
"I_8340_8","crayfish indet",0,2,2025-05-13,2025-05-14,TRUE,6,0,"m2u0nwi3",FALSE,51.2782519,3.2831616,1,2230
"I_8340_8","procambarus clarkii",2,2,2025-05-15,2025-05-16,TRUE,6,0.333333333333333,"m2u0nwi3",TRUE,51.2782519,3.2831616,1,2230
"I_8370_1","crayfish indet",0,3,2024-08-26,2024-08-29,FALSE,9,0,"m2m0odgy",FALSE,51.2771978,3.1260221,1,2123
"I_8370_1","procambarus clarkii",1,1,2024-08-27,2024-08-27,TRUE,3,0.333333333333333,"m2m0odgy",TRUE,51.2771978,3.1260221,1,2123
"I_8370_4","procambarus clarkii",72,4,2024-08-03,2024-08-06,TRUE,12,6,"odc4ztrj",TRUE,51.2885633,3.1555969,2,0
"I_8370_5","procambarus clarkii",13,4,2024-08-18,2024-08-21,TRUE,12,1.08333333333333,"m2m0odgy",TRUE,51.3039487,3.1244784,2,0
"I_8377_1","procambarus clarkii",25,4,2024-07-20,2024-07-23,TRUE,12,2.08333333333333,"odc4ztrj",TRUE,51.258039,3.1818424,NA,NA
"I_8377_2","procambarus clarkii",36,4,2024-07-15,2024-07-18,TRUE,12,3,"odc4ztrj",TRUE,51.2609007,3.1796315,NA,NA
"I_8377_3","procambarus clarkii",16,4,2024-09-14,2024-09-18,FALSE,12,1.33333333333333,"otqwzjhi",TRUE,51.269943,3.153608,NA,NA
"I_8377_4","crayfish indet",0,3,2024-09-14,2024-09-18,FALSE,9,0,"otqwzjhi",FALSE,51.26219,3.134494,NA,NA
"I_8377_4","procambarus clarkii",2,1,2024-09-15,2024-09-15,TRUE,3,0.666666666666667,"otqwzjhi",TRUE,51.26219,3.134494,NA,NA
"I_8377_5","crayfish indet",0,2,2024-09-20,2024-09-21,TRUE,6,0,"otqwzjhi",FALSE,51.281888,3.089738,NA,NA
"I_8377_5","procambarus clarkii",4,2,2024-09-19,2024-09-22,FALSE,6,0.666666666666667,"otqwzjhi",TRUE,51.281888,3.089738,NA,NA
"I_8380_2","procambarus clarkii",51,4,2024-09-10,2024-09-13,TRUE,12,4.25,"ntvlndrm",TRUE,51.2917,3.246988,NA,NA
"I_8380_3","procambarus clarkii",35,4,2024-09-15,2024-09-18,TRUE,12,2.91666666666667,"ntvlndrm",TRUE,51.267951,3.195695,NA,NA
"I_8380_5","procambarus clarkii",54,5,2024-09-10,2024-09-14,TRUE,15,3.6,"yjywyjhi",TRUE,51.3007178,3.1969685,NA,NA
"I_8400_2","crayfish indet",0,5,2024-09-25,2024-10-01,FALSE,15,0,"n2qzyzhm",TRUE,51.2151213,2.9451622,1,14884
"I_8400_6","crayfish indet",0,4,2024-09-10,2024-09-13,TRUE,12,0,"odjlnmu5",TRUE,51.1922989,2.9470413,1,0
"I_8420_2","procambarus clarkii",12,4,2024-08-22,2024-08-25,TRUE,12,1,"m2m0odgy",TRUE,51.2990122,3.105183,2,0
"I_8430_1","crayfish indet",0,4,2024-08-20,2024-08-23,TRUE,12,0,"odzkzdmz",TRUE,51.1669848,2.8007589,2,1213
"I_8430_3","crayfish indet",0,3,2024-08-20,2024-08-22,TRUE,9,0,"odzkzdmz",FALSE,51.1864522,2.8355339,NA,NA
"I_8430_3","procambarus clarkii",1,1,2024-08-23,2024-08-23,TRUE,3,0.333333333333333,"odzkzdmz",TRUE,51.1864522,2.8355339,NA,NA
"I_8431_1","crayfish indet",0,1,2024-10-18,2024-10-18,TRUE,4,0,"odcxnmmx",FALSE,51.1749033,2.8552918,2,130
"I_8432_1","crayfish indet",0,1,2024-10-18,2024-10-18,TRUE,4,0,"odcxnmmx",FALSE,51.16521,2.83294,NA,NA
"I_8432_2","crayfish indet",0,1,2024-10-18,2024-10-18,TRUE,4,0,"odcxnmmx",FALSE,51.1596686,2.9141654,NA,NA
"I_8433_1","crayfish indet",0,4,2025-07-07,2025-07-10,TRUE,12,0,"mjm4ndiy",TRUE,51.145493,2.796742,NA,NA
"I_8433_5","crayfish indet",0,5,2024-08-25,2024-08-29,TRUE,15,0,"odzkzdmz",TRUE,51.152667,2.802804,NA,NA
"I_8433_6","crayfish indet",0,5,2024-08-25,2024-08-29,TRUE,15,0,"odzkzdmz",TRUE,51.147644,2.807004,NA,NA
"I_8460_1","crayfish indet",0,3,2024-09-15,2024-09-17,TRUE,9,0,"odjlnmu5",FALSE,51.1704978428547,2.96531269098783,1,1209
"I_8460_1","faxonius limosus",1,1,2024-09-14,2024-09-14,TRUE,3,0.333333333333333,"odjlnmu5",TRUE,51.1704978428547,2.96531269098783,1,1209
"I_8460_1","procambarus clarkii",1,1,2024-09-14,2024-09-14,TRUE,3,0.333333333333333,"odjlnmu5",TRUE,51.1704978428547,2.96531269098783,1,1209
"I_8460_10","faxonius limosus",3,1,2024-10-18,2024-10-18,TRUE,4,0.75,"odcxnmmx",TRUE,51.15303,3.00184,NA,NA
"I_8460_10","procambarus clarkii",1,1,2024-10-18,2024-10-18,TRUE,4,0.25,"odcxnmmx",TRUE,51.15303,3.00184,NA,NA
"I_8460_11","crayfish indet",0,1,2024-10-18,2024-10-18,TRUE,4,0,"odcxnmmx",FALSE,51.1821246,2.9633365,NA,NA
"I_8460_3","crayfish indet",0,4,2024-09-24,2024-09-27,TRUE,12,0,"njvknjc4",TRUE,51.1779863,3.0417659,NA,NA
"I_8470_1","crayfish indet",0,1,2024-09-08,2024-09-08,TRUE,3,0,"otm1mzuw",FALSE,51.1700324,2.9620238,1,1209
"I_8470_1","faxonius limosus",3,3,2024-09-09,2024-09-12,FALSE,9,0.333333333333333,"otm1mzuw",TRUE,51.1700324,2.9620238,1,1209
"I_8470_1","procambarus clarkii",3,3,2024-09-10,2024-09-12,TRUE,9,0.333333333333333,"otm1mzuw",TRUE,51.1700324,2.9620238,1,1209
"I_8470_2","crayfish indet",0,3,2024-09-10,2024-09-13,FALSE,9,0,"yzmzndnm",FALSE,51.150606,2.992113,NA,NA
"I_8470_4","crayfish indet",0,2,2024-09-17,2024-09-22,FALSE,6,0,"yzmzndnm",FALSE,51.135665,2.989359,NA,NA
"I_8480_4","crayfish indet",0,1,2024-10-18,2024-10-18,TRUE,4,0,"odcxnmmx",FALSE,51.1201668,3.0224166,NA,NA
"I_8490_4","procambarus acutus",6,1,2024-10-18,2024-10-18,TRUE,4,1.5,"odcxnmmx",TRUE,51.1923079,3.0897709,2,0
"I_8530_12","crayfish indet",0,2,2024-09-10,2024-09-12,FALSE,6,0,"mwu5ntqy",FALSE,50.8400718,3.3144738,1,NA
"I_8530_12","faxonius limosus",3,2,2024-09-11,2024-09-13,FALSE,6,0.5,"mwu5ntqy",TRUE,50.8400718,3.3144738,1,NA
"I_8531_3","crayfish indet",0,5,2024-09-16,2024-09-20,TRUE,15,0,"ymmznwu5",TRUE,50.8782849,3.3224979,NA,NA
"I_8540_4","crayfish indet",0,4,2024-09-17,2024-09-20,TRUE,12,0,"mwu5ntqy",TRUE,50.8457795,3.326138,1,0
"I_8550_1","crayfish indet",0,4,2024-07-01,2024-07-04,TRUE,12,0,"zguxztnj",TRUE,50.7950431024274,3.340027996151,2,18815
"I_8552_2","crayfish indet",0,4,2025-07-29,2025-08-01,TRUE,12,0,"nguxytjj",TRUE,50.7791727,3.3788003,NA,NA
"I_8560_4","crayfish indet",0,4,2024-07-08,2024-07-11,TRUE,12,0,"zguxztnj",TRUE,50.8066401,3.2026969,NA,NA
"I_8560_6","crayfish indet",0,4,2024-09-18,2024-09-21,TRUE,12,0,"mwu5ntqy",TRUE,50.8388989,3.1838946,NA,NA
"I_8587_2","crayfish indet",0,4,2025-07-18,2025-07-22,FALSE,12,0,"oti1mjew",TRUE,50.7163939,3.3576975,1,5523
"I_8587_4","crayfish indet",0,4,2025-07-23,2025-07-26,TRUE,12,0,"oti1mjew",TRUE,50.7280484,3.3465322,1,5039
"I_8600_14","crayfish indet",0,4,2025-07-24,2025-07-27,TRUE,12,0,"mgeyodcw",TRUE,51.0566341,2.8734323,NA,NA
"I_8600_18","crayfish indet",0,1,2025-09-12,2025-09-12,TRUE,12,0,"mta3yjmz",TRUE,51.0140966,2.8459754,NA,NA
"I_8600_19","crayfish indet",0,1,2025-09-06,2025-09-06,TRUE,12,0,"mta3yjmz",TRUE,51.048031,2.846146,NA,NA
"I_8600_3","crayfish indet",0,3,2025-07-31,2025-08-02,TRUE,9,0,"mgeyodcw",FALSE,51.0345673,2.9266385,1,1208
"I_8600_6","crayfish indet",0,3,2025-08-11,2025-08-18,FALSE,9,0,"nwm0ndcy",FALSE,50.9949932,2.8351357,1,1379
"I_8600_7","crayfish indet",0,3,2025-07-29,2025-08-06,FALSE,9,0,"nwm0ndcy",FALSE,51.0004986,2.8462363,1,2083
"I_8600_7","crayfish indet",0,1,2025-09-06,2025-09-06,TRUE,12,0,"mta3yjmz",TRUE,51.0004986,2.8462363,1,2083
"I_8600_8","crayfish indet",0,2,2025-06-08,2025-06-17,FALSE,6,0,"nwm0ndcy",FALSE,50.9882039,2.8136319,NA,NA
"I_8600_8","procambarus clarkii",1,1,2025-06-10,2025-06-10,TRUE,3,0.333333333333333,"nwm0ndcy",TRUE,50.9882039,2.8136319,NA,NA
"I_8600_8","procambarus clarkii",2,1,2025-06-28,2025-06-28,TRUE,3,0.666666666666667,"nwm0ndcy",TRUE,50.9882039,2.8136319,NA,NA
"I_8600_9","crayfish indet",0,1,2025-09-06,2025-09-06,TRUE,12,0,"mta3yjmz",TRUE,51.0747162,2.8372294,NA,NA
"I_8610_1","crayfish indet",0,4,2024-06-30,2024-07-03,TRUE,12,0,"mdywmjc1",TRUE,51.0229459,2.9701506,NA,NA
"I_8610_1","crayfish indet",0,5,2025-06-30,2025-07-04,TRUE,15,0,"ywm4njlk",TRUE,51.0229459,2.9701506,NA,NA
"I_8610_6","faxonius virilis",21,2,2024-08-21,2024-08-22,TRUE,6,3.5,"mdywmjc1",TRUE,51.0265682,3.0521241,NA,NA
"I_8620_2","crayfish indet",0,4,2025-06-08,2025-06-11,TRUE,12,0,"mjm4ndiy",TRUE,51.124462,2.771585,1,1205
"I_8620_5","crayfish indet",0,4,2024-09-18,2024-09-21,TRUE,12,0,"mwu5ntqy",TRUE,51.1233600022733,2.75641679632337,NA,NA
"I_8620_6","crayfish indet",0,4,2025-06-08,2025-06-11,TRUE,12,0,"mjm4ndiy",TRUE,51.1307748,2.7890545,NA,NA
"I_8630_1","crayfish indet",0,2,2025-07-19,2025-07-21,FALSE,6,0,"yzk3mme3",FALSE,51.0129774,2.5726848,2,14983
"I_8630_1","procambarus clarkii",8,2,2025-07-20,2025-07-22,FALSE,6,1.33333333333333,"yzk3mme3",TRUE,51.0129774,2.5726848,2,14983
"I_8630_11","crayfish indet",0,3,2025-06-18,2025-06-20,TRUE,9,0,"yzk3mme3",FALSE,51.0225862,2.618034,0,0
"I_8630_11","procambarus clarkii",2,1,2025-06-21,2025-06-21,TRUE,6,0.333333333333333,"yzk3mme3",TRUE,51.0225862,2.618034,0,0
"I_8630_15","crayfish indet",0,1,2025-07-25,2025-07-25,TRUE,3,0,"yzk3mme3",FALSE,51.0361849,2.581487,NA,NA
"I_8630_15","procambarus clarkii",3,3,2025-07-23,2025-07-26,FALSE,9,0.333333333333333,"yzk3mme3",TRUE,51.0361849,2.581487,NA,NA
"I_8630_16","crayfish indet",0,2,2025-07-19,2025-07-21,FALSE,6,0,"yzk3mme3",FALSE,51.0568907,2.6039507,NA,NA
"I_8630_16","procambarus clarkii",2,2,2025-07-20,2025-07-22,FALSE,6,0.333333333333333,"yzk3mme3",TRUE,51.0568907,2.6039507,NA,NA
"I_8630_3","crayfish indet",0,4,2025-08-03,2025-08-06,TRUE,12,0,"yzk3mme3",TRUE,51.0340455,2.6790698,2,1233
"I_8630_8","crayfish indet",0,4,2025-05-03,2025-05-06,TRUE,12,0,"njhknmu0",TRUE,51.0615585,2.6482963,0,0
"I_8630_9","crayfish indet",0,4,2025-07-01,2025-07-04,TRUE,12,0,"njhknmu0",TRUE,51.0535273,2.6803944,0,0
"I_8640_1","crayfish indet",0,4,2025-05-14,2025-05-17,TRUE,12,0,"mjc1zjc1",TRUE,50.947319,2.716387,1,1203
"I_8647_7","crayfish indet",0,1,2024-10-10,2024-10-10,TRUE,3,0,"nzm3mdi0",FALSE,50.9647428,2.7356841,NA,NA
"I_8647_8","crayfish indet",0,1,2025-09-12,2025-09-12,TRUE,12,0,"mta3yjmz",TRUE,50.9627966,2.7925466,NA,NA
"I_8650_3","crayfish indet",0,1,2025-09-06,2025-09-06,TRUE,12,0,"mta3yjmz",TRUE,50.9653147,2.8176846,NA,NA
"I_8650_4","crayfish indet",0,1,2025-09-06,2025-09-06,TRUE,12,0,"mta3yjmz",TRUE,50.9820644,2.8066778,NA,NA
"I_8650_5","crayfish indet",0,1,2025-09-12,2025-09-12,TRUE,12,0,"mta3yjmz",TRUE,50.984451,2.8254606,NA,NA
"I_8660_1","crayfish indet",0,4,2025-08-03,2025-08-06,TRUE,12,0,"yzk3mme3",TRUE,51.0711046,2.5675574,NA,NA
"I_8670_1","crayfish indet",0,4,2025-07-05,2025-07-08,TRUE,12,0,"njhknmu0",TRUE,51.1038088,2.6847605,2,1212
"I_8690_2","crayfish indet",0,1,2025-09-06,2025-09-06,TRUE,12,0,"mta3yjmz",TRUE,51.0202267,2.7207815,0,NA
"I_8691_5","crayfish indet",0,4,2025-06-17,2025-06-20,TRUE,12,0,"mjc1zjc1",TRUE,50.9452887,2.6783356,NA,NA
"I_8710_1","crayfish indet",0,4,2024-08-13,2024-08-16,TRUE,12,0,"njmzowyw",TRUE,50.9084883,3.3901706,NA,NA
"I_8710_3","crayfish indet",0,5,2024-09-09,2024-09-13,TRUE,15,0,"ymmznwu5",TRUE,50.8820174,3.3340173,NA,NA
"I_8720_2","crayfish indet",0,4,2024-08-20,2024-08-23,TRUE,12,0,"njmzowyw",TRUE,50.9205784,3.4150208,1,4203
"I_8730_10","crayfish indet",0,4,2025-07-25,2025-07-28,TRUE,12,0,"ndaxotdi",TRUE,51.1165137,3.2914765,NA,NA
"I_8730_5","crayfish indet",0,4,2024-07-24,2024-07-27,TRUE,12,0,"mdixota5",TRUE,51.1090414023329,3.29024289619531,NA,NA
"I_8730_6","crayfish indet",0,4,2025-07-25,2025-07-28,TRUE,12,0,"ndaxotdi",TRUE,51.1094265,3.3075512,NA,NA
"I_8730_7","crayfish indet",0,4,2025-07-25,2025-07-28,TRUE,12,0,"ndaxotdi",TRUE,51.1100141,3.3079091,NA,NA
"I_8730_8","crayfish indet",0,4,2025-07-25,2025-07-28,TRUE,12,0,"ndaxotdi",TRUE,51.1108487,3.3077474,NA,NA
"I_8730_9","crayfish indet",0,2,2024-06-30,2024-07-01,TRUE,6,0,"mdjjotdj",FALSE,51.1439286,3.2919752,NA,NA
"I_8750_2","crayfish indet",0,4,2024-07-23,2024-07-26,TRUE,12,0,"mjywyjqx",TRUE,51.0213582,3.2125623,2,318
"I_8750_3","crayfish indet",0,1,2024-10-18,2024-10-18,TRUE,4,0,"odcxnmmx",FALSE,51.04451,3.20547,NA,NA
"I_8793_1","crayfish indet",0,4,2024-08-13,2024-08-16,TRUE,12,0,"njmzowyw",TRUE,50.905814,3.4124769,1,4202
"I_8800_3","crayfish indet",0,4,2024-07-11,2024-07-14,TRUE,12,0,"nzi3zgyy",TRUE,50.9268186,3.1374045,NA,NA
"I_8820_3","crayfish indet",0,4,2024-08-31,2024-09-03,TRUE,12,0,"mjywyjqx",TRUE,51.0565537,3.095591,2,1443
"I_8830_1","crayfish indet",0,5,2025-08-10,2025-08-14,TRUE,15,0,"ywm4njlk",TRUE,50.9858551,3.0645691,NA,NA
"I_8840_6","crayfish indet",0,6,2025-06-30,2025-07-08,FALSE,18,0,"owrjyju0",TRUE,50.99134,3.015235,2,1496
"I_8850_4","crayfish indet",0,4,2024-08-01,2024-08-04,TRUE,10,0,"zgqwyjrm",FALSE,50.9601016,3.2312679,NA,NA
"I_8870_2","crayfish indet",0,5,2024-08-07,2024-08-11,TRUE,10,0,"zgqwyjrm",FALSE,50.9208318,3.2322052,1,4203
"I_8870_3","crayfish indet",0,5,2024-07-03,2024-07-07,TRUE,15,0,"nzi3zgyy",TRUE,50.9368577,3.1745023,1,4203
"I_8870_6","crayfish indet",0,4,2024-07-27,2024-07-30,TRUE,12,0,"zgqwyjrm",TRUE,50.9194813,3.2229803,NA,NA
"I_8890_2","crayfish indet",0,4,2025-07-29,2025-08-01,TRUE,12,0,"zjm0zwm2",TRUE,50.8534766,3.0910547,NA,NA
"I_8930_4","crayfish indet",0,4,2024-09-17,2024-09-20,TRUE,12,0,"zwjmmzmx",TRUE,50.7971767,3.1236889,NA,NA
"I_8930_7","crayfish indet",0,4,2024-09-28,2024-10-01,TRUE,12,0,"zwjmmzmx",TRUE,50.7945484,3.1120459,NA,NA
"I_8970_4","crayfish indet",0,5,2025-05-23,2025-05-27,TRUE,15,0,"njuwzjzm",TRUE,50.8310814,2.7883174,2,1204
"I_8970_6","crayfish indet",0,5,2025-06-06,2025-06-10,TRUE,15,0,"njuwzjzm",TRUE,50.832961,2.7006916,2,1203
"I_8972_1","crayfish indet",0,5,2025-05-09,2025-05-13,TRUE,15,0,"njuwzjzm",TRUE,50.8932498,2.608243,1,1217
"I_8972_2","crayfish indet",0,5,2025-05-16,2025-05-20,TRUE,15,0,"njuwzjzm",TRUE,50.9116887,2.6073795,0,0
"I_9000_1","crayfish indet",0,4,2024-08-28,2024-08-31,TRUE,12,0,"mjvjmjq4",TRUE,51.0576926,3.6869626,0,799
"I_9000_2","crayfish indet",0,4,2024-09-05,2024-09-08,TRUE,12,0,"mzu1ode0",TRUE,51.0691866,3.6949296,NA,NA
"I_9000_4","crayfish indet",0,4,2024-09-10,2024-09-13,TRUE,12,0,"ownlnda3",TRUE,51.0517868,3.6788923,NA,NA
"I_9000_5","crayfish indet",0,4,2024-10-08,2024-10-11,TRUE,12,0,"mjcymgi5",TRUE,51.0355132,3.7201661,NA,NA
"I_9000_6","crayfish indet",0,4,2024-08-12,2024-08-15,TRUE,12,0,"nzkzyzvh",TRUE,51.0339201,3.6972447,NA,NA
"I_9000_8","crayfish indet",0,4,2024-09-10,2024-09-13,TRUE,12,0,"ownlnda3",TRUE,51.0389914,3.7233503,NA,NA
"I_9000_9","crayfish indet",0,5,2024-09-13,2024-09-17,TRUE,15,0,"ngm2y2mw",TRUE,51.0787438,3.719324,NA,NA
"I_9000_9","faxonius limosus",5,1,2024-09-18,2024-09-18,TRUE,3,1.66666666666667,"ngm2y2mw",TRUE,51.0787438,3.719324,NA,NA
"I_9031_2","crayfish indet",0,4,2024-07-05,2024-07-08,TRUE,12,0,"mzu1ode0",TRUE,51.0822354,3.6543178,1,402
"I_9031_3","crayfish indet",0,1,2024-08-06,2024-08-06,TRUE,3,0,"otnkzgi3",FALSE,51.021739,3.6405768,NA,NA
"I_9031_3","faxonius limosus",6,3,2024-08-07,2024-08-09,TRUE,9,0.666666666666667,"otnkzgi3",TRUE,51.021739,3.6405768,NA,NA
"I_9032_1","crayfish indet",0,4,2024-09-14,2024-09-18,FALSE,12,0,"ngm2y2mw",TRUE,51.0929578,3.702029,NA,NA
"I_9042_2","procambarus clarkii",16,3,2024-08-31,2024-09-02,TRUE,9,1.77777777777778,"nwe4m2ex",TRUE,51.1483519,3.8290506,1,26
"I_9050_1","crayfish indet",0,4,2024-08-24,2024-08-27,TRUE,12,0,"ntq0otk2",TRUE,51.0351294,3.7511217,NA,NA
"I_9050_2","crayfish indet",0,2,2024-08-29,2024-09-01,FALSE,6,0,"ntq0otk2",FALSE,51.0375743,3.7602421,NA,NA
"I_9050_2","faxonius limosus",2,2,2024-08-30,2024-08-31,TRUE,6,0.333333333333333,"ntq0otk2",TRUE,51.0375743,3.7602421,NA,NA
"I_9051_2","crayfish indet",0,6,2024-10-25,2024-10-30,TRUE,14,0,"mtfizjjh",TRUE,51.022718,3.662586,NA,NA
"I_9052_1","crayfish indet",0,4,2024-08-17,2024-08-20,TRUE,12,0,"nwixndkz",TRUE,50.9874059,3.7175079,NA,NA
"I_9052_2","crayfish indet",0,5,2024-09-17,2024-09-21,TRUE,15,0,"yzq0m2yw",TRUE,50.985202,3.716197,NA,NA
"I_9070_1","crayfish indet",0,4,2024-08-26,2024-08-29,TRUE,12,0,"ytljnzlj",TRUE,51.0757468,3.8138212,1,3105
"I_9070_2","faxonius limosus",1,1,2024-09-07,2024-09-07,TRUE,3,0.333333333333333,"ytljnzlj",TRUE,51.0549668,3.808909,NA,NA
"I_9080_2","crayfish indet",0,4,2024-09-02,2024-09-05,TRUE,12,0,"ytljnzlj",TRUE,51.0903407,3.8791977,1,3105
"I_9080_4","crayfish indet",0,3,2024-09-12,2024-09-14,TRUE,9,0,"nweyoti0",FALSE,51.1429647,3.8800557,NA,NA
"I_9080_4","procambarus clarkii",1,1,2024-09-15,2024-09-15,TRUE,3,0.333333333333333,"nweyoti0",TRUE,51.1429647,3.8800557,NA,NA
"I_9080_5","crayfish indet",0,4,2024-08-25,2024-08-28,TRUE,12,0,"nwe4m2ex",TRUE,51.10588,3.82476,NA,NA
"I_9090_3","crayfish indet",0,1,2024-10-07,2024-10-07,TRUE,3,0,"nze2zmyy",FALSE,50.993275,3.8042573,NA,NA
"I_9111_1","procambarus clarkii",54,4,2024-09-10,2024-09-13,TRUE,12,4.5,"ogzjnjqz",TRUE,51.1895246,4.0385329,2,555
"I_9112_2","crayfish indet",0,1,2024-09-05,2024-09-05,TRUE,3,0,"nzjkzdez",FALSE,51.1799993,4.0557512,2,871
"I_9112_2","procambarus clarkii",10,3,2024-09-03,2024-09-06,FALSE,9,1.11111111111111,"nzjkzdez",TRUE,51.1799993,4.0557512,2,871
"I_9112_4","crayfish indet",0,2,2024-08-29,2024-08-30,TRUE,6,0,"nzjkzdez",FALSE,51.1742492,4.0028625,1,123
"I_9112_4","procambarus clarkii",5,2,2024-08-27,2024-08-28,TRUE,6,0.833333333333333,"nzjkzdez",TRUE,51.1742492,4.0028625,1,123
"I_9112_8","crayfish indet",0,1,2024-09-18,2024-09-18,TRUE,3,0,"ogzjnjqz",FALSE,51.18373,4.0281555,2,933
"I_9112_8","procambarus clarkii",3,3,2024-09-17,2024-09-20,FALSE,9,0.333333333333333,"ogzjnjqz",TRUE,51.18373,4.0281555,2,933
"I_9120_3","crayfish indet",0,4,2024-09-03,2024-09-06,TRUE,12,0,"y2uzntq0",TRUE,51.2389791,4.2039857,1,3110
"I_9130_1","crayfish indet",0,4,2024-09-17,2024-09-20,TRUE,12,0,"y2uzntq0",TRUE,51.252614,4.201021,1,3111
"I_9130_16","crayfish indet",0,1,2024-10-07,2024-10-07,TRUE,3,0,"ywqxzdy4",FALSE,51.2581946,4.1944395,NA,NA
"I_9130_16","procambarus acutus",4,3,2024-10-04,2024-10-06,TRUE,9,0.444444444444444,"ywqxzdy4",TRUE,51.2581946,4.1944395,NA,NA
"I_9140_4","crayfish indet",0,4,2024-07-09,2024-07-12,TRUE,12,0,"njbjymrl",TRUE,51.1178571,4.171653,NA,NA
"I_9160_12","faxonius limosus",6,1,2024-09-08,2024-09-08,TRUE,3,2,"mjqzogvi",TRUE,51.108478,3.99197,NA,NA
"I_9160_12","procambarus clarkii",2,2,2024-09-08,2024-09-09,TRUE,6,0.333333333333333,"mjqzogvi",TRUE,51.108478,3.99197,NA,NA
"I_9160_3","procambarus clarkii",61,5,2024-09-26,2024-10-01,FALSE,15,4.06666666666667,"njgyytiw",TRUE,51.1372354,3.9701579,1,26
"I_9160_8","faxonius limosus",2,2,2024-09-11,2024-09-13,FALSE,6,0.333333333333333,"ogvkytdi",TRUE,51.1294864,3.978681,0,15074
"I_9160_8","procambarus clarkii",28,4,2024-09-10,2024-09-13,TRUE,12,2.33333333333333,"ogvkytdi",TRUE,51.1294864,3.978681,0,15074
"I_9160_9","crayfish indet",0,1,2024-09-25,2024-09-25,TRUE,3,0,"njgyytiw",FALSE,51.1296614,3.9762858,2,633
"I_9160_9","procambarus clarkii",4,4,2024-09-21,2024-09-24,TRUE,12,0.333333333333333,"njgyytiw",TRUE,51.1296614,3.9762858,2,633
"I_9170_13","crayfish indet",0,4,2024-09-24,2024-09-27,TRUE,12,0,"ywqxzdy4",TRUE,51.244686,4.1271735,NA,NA
"I_9170_14","crayfish indet",0,4,2024-09-28,2024-10-01,TRUE,12,0,"ywqxzdy4",TRUE,51.2793651,4.15747,2,0
"I_9170_6","crayfish indet",0,4,2024-09-12,2024-09-15,TRUE,12,0,"zjhjnznm",TRUE,51.2550019,4.1230489,2,3111
"I_9170_8","crayfish indet",0,4,2024-09-17,2024-09-20,TRUE,12,0,"zjhjnznm",TRUE,51.2496585,4.1061847,2,3111
"I_9170_9","crayfish indet",0,4,2024-09-07,2024-09-10,TRUE,12,0,"zjhjnznm",TRUE,51.2367593,4.1195405,2,47902
"I_9180_11","crayfish indet",0,1,2024-09-18,2024-09-18,TRUE,3,0,"ndlmngu0",FALSE,51.162451,3.948537,NA,NA
"I_9180_11","procambarus clarkii",4,3,2024-09-16,2024-09-19,FALSE,9,0.444444444444444,"ndlmngu0",TRUE,51.162451,3.948537,NA,NA
"I_9180_13","crayfish indet",0,1,2024-09-23,2024-09-23,TRUE,3,0,"njgyytiw",FALSE,51.144841,3.9301138,NA,NA
"I_9180_13","procambarus clarkii",9,4,2024-09-21,2024-09-25,FALSE,12,0.75,"njgyytiw",TRUE,51.144841,3.9301138,NA,NA
"I_9180_5","procambarus clarkii",12,4,2024-09-05,2024-09-08,TRUE,12,1,"nweyoti0",TRUE,51.1478349,3.9110453,1,26
"I_9180_8","procambarus clarkii",6,3,2024-08-30,2024-09-01,TRUE,9,0.666666666666667,"nzjknjqy",TRUE,51.173329,3.958132,NA,NA
"I_9185_1","crayfish indet",0,5,2024-10-08,2024-10-13,FALSE,15,0,"y2fhytux",TRUE,51.195462,3.858899,2,763
"I_9185_5","crayfish indet",0,7,2024-10-13,2024-10-20,FALSE,21,0,"y2fhytux",TRUE,51.2116666,3.8622935,NA,NA
"I_9185_8","crayfish indet",0,4,2024-09-24,2024-09-27,TRUE,12,0,"nweyoti0",TRUE,51.1495342,3.8824034,NA,NA
"I_9190_10","procambarus acutus",1,1,2024-10-25,2024-10-25,TRUE,12,0.0833333333333333,"odcxnmmx",TRUE,51.2042535,4.0287827,NA,NA
"I_9190_10","procambarus clarkii",1,1,2024-10-25,2024-10-25,TRUE,12,0.0833333333333333,"odcxnmmx",TRUE,51.2042535,4.0287827,NA,NA
"I_9190_10","crayfish indet",0,1,2025-04-16,2025-04-16,TRUE,10,0,"odcxnmmx",FALSE,51.2042535,4.0287827,NA,NA
"I_9190_6","procambarus clarkii",21,1,2024-10-25,2024-10-25,TRUE,12,1.75,"odcxnmmx",TRUE,51.1965,4.0372,1,123
"I_9190_6","procambarus clarkii",18,1,2025-04-16,2025-04-16,TRUE,12,1.5,"odcxnmmx",TRUE,51.1965,4.0372,1,123
"I_9190_7","procambarus acutus",2,1,2024-10-25,2024-10-25,TRUE,12,0.166666666666667,"odcxnmmx",TRUE,51.222892,4.0409765,NA,NA
"I_9190_7","procambarus acutus",2,1,2025-04-16,2025-04-16,TRUE,12,0.166666666666667,"odcxnmmx",TRUE,51.222892,4.0409765,NA,NA
"I_9190_8","procambarus acutus",1,1,2024-10-25,2024-10-25,TRUE,12,0.0833333333333333,"odcxnmmx",TRUE,51.2184782,4.034516,NA,NA
"I_9190_8","procambarus acutus",1,1,2025-04-16,2025-04-16,TRUE,12,0.0833333333333333,"odcxnmmx",TRUE,51.2184782,4.034516,NA,NA
"I_9190_9","procambarus acutus",1,1,2024-10-25,2024-10-25,TRUE,12,0.0833333333333333,"odcxnmmx",TRUE,51.1978,4.03672,NA,NA
"I_9190_9","procambarus clarkii",4,1,2024-10-25,2024-10-25,TRUE,12,0.333333333333333,"odcxnmmx",TRUE,51.1978,4.03672,NA,NA
"I_9190_9","crayfish indet",0,1,2025-04-16,2025-04-16,TRUE,12,0,"odcxnmmx",TRUE,51.1978,4.03672,NA,NA
"I_9200_13","crayfish indet",0,4,2024-09-10,2024-09-13,TRUE,12,0,"ngi0ytux",TRUE,51.0517948,4.1226199,NA,NA
"I_9200_21","crayfish indet",0,4,2024-09-20,2024-09-23,TRUE,12,0,"ngvimgq2",TRUE,51.043378,4.119151,NA,NA
"I_9200_7","crayfish indet",0,4,2024-09-29,2024-10-02,TRUE,12,0,"zdexmmex",TRUE,51.0281661,4.1077832,NA,NA
"I_9200_8","crayfish indet",0,4,2024-09-29,2024-10-02,TRUE,12,0,"zdexmmex",TRUE,51.0255951,4.1035452,NA,NA
"I_9220_3","crayfish indet",0,2,2024-09-05,2024-09-06,TRUE,6,0,"owe0mzg2",FALSE,51.0670983,4.1824636,NA,NA
"I_9220_3","procambarus clarkii",3,1,2024-09-03,2024-09-03,TRUE,3,1,"owe0mzg2",TRUE,51.0670983,4.1824636,NA,NA
"I_9220_9","procambarus clarkii",19,4,2024-08-27,2024-08-30,TRUE,12,1.58333333333333,"owe0mzg2",TRUE,51.0588728,4.1719219,NA,NA
"I_9240_6","crayfish indet",0,4,2024-09-10,2024-09-13,TRUE,12,0,"ngvimgq2",TRUE,51.039,4.041855,NA,NA
"I_9255_2","crayfish indet",0,4,2024-09-19,2024-09-22,TRUE,12,0,"ngnlmjhi",TRUE,50.989417,4.164278,NA,NA
"I_9270_5","crayfish indet",0,3,2024-08-07,2024-08-09,TRUE,9,0,"ztezzjnh",FALSE,51.0266012,3.837826,NA,NA
"I_9280_1","crayfish indet",0,4,2024-09-12,2024-09-15,TRUE,12,0,"ngnlmjhi",TRUE,50.991649,4.1497334,2,6438
"I_9290_5","crayfish indet",0,4,2024-09-15,2024-09-18,TRUE,12,0,"ngvimgq2",TRUE,51.024045,4.033699,NA,NA
"I_9402_1","crayfish indet",0,4,2024-10-15,2024-10-18,TRUE,12,0,"otgzymmz",TRUE,50.8188441,4.0545905,2,6412
"I_9450_5","crayfish indet",0,8,2024-09-16,2024-09-23,TRUE,24,0,"mjkyzjq3",TRUE,50.893008,3.957963,NA,NA
"I_9450_6","crayfish indet",0,7,2024-09-23,2024-09-29,TRUE,21,0,"mjkyzjq3",TRUE,50.894599,4.022742,NA,NA
"I_9450_7","crayfish indet",0,5,2024-09-26,2024-09-30,TRUE,20,0,"mjkyzjq3",TRUE,50.886731,4.029902,NA,NA
"I_9450_8","crayfish indet",0,5,2024-09-26,2024-09-30,TRUE,15,0,"mjkyzjq3",TRUE,50.858793,4.022645,NA,NA
"I_9472_1","crayfish indet",0,5,2024-09-26,2024-09-30,TRUE,15,0,"mjkyzjq3",TRUE,50.8703149,4.0428962,NA,NA
"I_9506_2","crayfish indet",0,4,2024-09-29,2024-10-02,TRUE,12,0,"yjqzngy4",TRUE,50.7897655,3.8817519,2,6196
"I_9506_3","crayfish indet",0,4,2024-10-22,2024-10-25,TRUE,12,0,"otgzymmz",TRUE,50.808006,3.9529944,1,5954
"I_9506_4","crayfish indet",0,4,2024-08-14,2024-08-17,TRUE,12,0,"yjqzngy4",TRUE,50.8146069,3.9218745,1,5954
"I_9570_1","crayfish indet",0,3,2024-09-17,2024-09-19,TRUE,9,0,"zwuzztfl",FALSE,50.8240558,3.8377674,2,6095
"I_9571_1","crayfish indet",0,4,2024-08-20,2024-08-23,TRUE,12,0,"yjqzngy4",TRUE,50.8165835,3.8932376,2,6095
"I_9600_3","crayfish indet",0,5,2024-08-20,2024-08-24,TRUE,9,0,"mdyxywvm",FALSE,50.7577098024718,3.64953909607249,2,5188
"I_9620_2","crayfish indet",0,4,2024-09-21,2024-09-24,TRUE,8,0,"zwuzztfl",FALSE,50.8638979,3.7651385,1,5000
"I_9660_1","crayfish indet",0,4,2024-07-27,2024-07-30,TRUE,12,0,"nwyxntuy",TRUE,50.8116182,3.7803241,2,5224
"I_9660_2","crayfish indet",0,4,2024-08-17,2024-08-20,TRUE,12,0,"nwyxntuy",TRUE,50.791781,3.7598643,2,5025
"I_9660_4","crayfish indet",0,1,2024-07-26,2024-07-26,TRUE,2,0,"nwyxntuy",FALSE,50.8033955,3.7572155,NA,NA
"I_9660_4","faxonius limosus",6,3,2024-07-23,2024-07-25,TRUE,9,0.666666666666667,"nwyxntuy",TRUE,50.8033955,3.7572155,NA,NA
"I_9700_10","crayfish indet",0,3,2025-06-15,2025-06-17,TRUE,9,0,"ytqwyznm",FALSE,50.8663305,3.6318545,NA,NA
"I_9700_11","crayfish indet",0,3,2025-06-01,2025-06-03,TRUE,9,0,"ytqwyznm",FALSE,50.8797969,3.6279292,NA,NA
"I_9700_15","crayfish indet",0,1,2025-07-27,2025-07-27,TRUE,3,0,"yjizogrj",FALSE,50.8422786,3.5925151,NA,NA
"I_9700_15","faxonius limosus",8,3,2025-07-24,2025-07-26,TRUE,9,0.888888888888889,"yjizogrj",TRUE,50.8422786,3.5925151,NA,NA
"I_9700_18","crayfish indet",0,4,2025-05-05,2025-05-08,TRUE,12,0,"ytrlzjy0",TRUE,50.888798,3.6773243,NA,NA
"I_9700_4","crayfish indet",0,4,2025-07-24,2025-07-27,TRUE,12,0,"yjizogrj",TRUE,50.8326149,3.593942,1,5003
"I_9700_9","crayfish indet",0,3,2025-06-01,2025-06-03,TRUE,9,0,"ytqwyznm",FALSE,50.8839607,3.6390284,NA,NA
"I_9770_1","crayfish indet",0,2,2025-08-05,2025-08-06,TRUE,6,0,"yzc4njmw",FALSE,50.956429,3.536272,2,4463
"I_9770_1","crayfish indet",0,3,2025-08-14,2025-08-16,TRUE,9,0,"yzc4njmw",FALSE,50.956429,3.536272,2,4463
"I_9790_3","crayfish indet",0,4,2025-07-05,2025-07-08,TRUE,12,0,"yjizogrj",TRUE,50.8217214,3.5575902,0,NA
"I_9800_11","crayfish indet",0,4,2024-10-01,2024-10-04,TRUE,12,0,"yzc4njmw",TRUE,50.992269,3.570453,NA,NA
"I_9800_14","crayfish indet",0,2,2024-09-08,2024-09-11,FALSE,5,0,"ztjjntcx",FALSE,50.9575438,3.4783938,NA,NA
"I_9800_14","faxonius limosus",2,2,2024-09-09,2024-09-10,TRUE,5,0.4,"ztjjntcx",TRUE,50.9575438,3.4783938,NA,NA
"I_9820_3","crayfish indet",0,5,2024-09-17,2024-09-21,TRUE,15,0,"yzq0m2yw",TRUE,50.9938635,3.7348564,2,5088
"I_9820_5","crayfish indet",0,4,2024-08-22,2024-08-25,TRUE,12,0,"ytvimtiz",TRUE,50.9566251,3.6860056,NA,NA
"I_9820_8","crayfish indet",0,4,2024-08-17,2024-08-20,TRUE,12,0,"mdu1yja5",TRUE,50.977823,3.7128887,NA,NA
"I_9840_4","crayfish indet",0,4,2024-08-12,2024-08-15,TRUE,12,0,"nwixndkz",TRUE,50.9789334,3.7041863,NA,NA
"I_9840_6","crayfish indet",0,5,2024-09-11,2024-09-15,TRUE,15,0,"yzq0m2yw",TRUE,50.980918,3.707763,NA,NA
"I_9850_4","crayfish indet",0,5,2024-08-06,2024-08-10,TRUE,15,0,"ytbmntfk",TRUE,51.0578843,3.5717004,1,72
"I_9850_6","crayfish indet",0,4,2024-07-23,2024-07-26,TRUE,11,0,"mmy4ywm3",FALSE,51.0333774,3.5453287,1,27
"I_9870_2","crayfish indet",0,5,2024-08-19,2024-08-23,TRUE,15,0,"njmzowyw",TRUE,50.9332243,3.4314092,9,0
"I_9870_3","crayfish indet",0,4,2024-10-03,2024-10-06,TRUE,10,0,"ztjjntcx",FALSE,50.959398,3.4664016,NA,NA
"I_9881_1","crayfish indet",0,4,2025-08-05,2025-08-08,TRUE,12,0,"zgyxzdri",TRUE,51.1045717,3.5072512,2,397
"I_9890_5","crayfish indet",0,4,2024-08-15,2024-08-18,TRUE,12,0,"ytvimtiz",TRUE,50.9555853,3.6628358,0,0
"I_9920_3","crayfish indet",0,5,2024-08-20,2024-08-24,TRUE,15,0,"ytbmntfk",TRUE,51.0832226,3.6207069,1,72
"I_9920_5","crayfish indet",0,5,2024-07-09,2024-07-13,TRUE,15,0,"ytbmntfk",TRUE,51.088417,3.620158,NA,NA
"I_9921_1","crayfish indet",0,4,2024-07-30,2024-08-02,TRUE,12,0,"mzu1ode0",TRUE,51.087422,3.656217,1,625
"I_9930_1","crayfish indet",0,3,2024-08-13,2024-08-15,TRUE,9,0,"ntiwzdk2",FALSE,51.0609579,3.5697321,NA,NA
"I_9931_1","crayfish indet",0,4,2024-08-12,2024-08-15,TRUE,12,0,"zta3nzm0",TRUE,51.1638532,3.5656502,NA,NA
"I_9940_13","crayfish indet",0,4,2024-07-30,2024-08-02,TRUE,12,0,"mze2mza3",TRUE,51.1501201,3.7349684,1,604
"I_9940_15","crayfish indet",0,4,2024-07-16,2024-07-19,TRUE,12,0,"mze2mza3",TRUE,51.1420387,3.7497799,2,0
"I_9940_18","crayfish indet",0,1,2024-09-15,2024-09-15,TRUE,3,0,"ngm2y2mw",FALSE,51.1034925,3.6992643,NA,NA
"I_9940_18","faxonius limosus",1,1,2024-09-16,2024-09-16,TRUE,3,0.333333333333333,"ngm2y2mw",TRUE,51.1034925,3.6992643,NA,NA
"I_9940_18","procambarus clarkii",6,4,2024-09-13,2024-09-17,FALSE,12,0.5,"ngm2y2mw",TRUE,51.1034925,3.6992643,NA,NA
"I_9950_4","crayfish indet",0,4,2024-09-09,2024-09-13,FALSE,12,0,"zta3nzm0",TRUE,51.1651471,3.5788206,NA,NA
"I_9950_5","crayfish indet",0,4,2024-08-08,2024-08-11,TRUE,12,0,"zta3nzm0",TRUE,51.1662117,3.5753712,NA,NA
"I_9960_1","procambarus clarkii",14,6,2025-07-20,2025-07-26,FALSE,18,0.777777777777778,"nwmzmtg3",TRUE,51.21716,3.73395,NA,NA
"I_9960_7","crayfish indet",0,4,2024-09-16,2024-09-19,TRUE,12,0,"nwmzmtg3",TRUE,51.2464656,3.749102,99,0
"I_9960_9","procambarus clarkii",7,4,2024-07-18,2024-07-21,TRUE,12,0.583333333333333,"otm1owi1",TRUE,51.2365444,3.7562741,99,0
"I_9961_1","crayfish indet",0,3,2025-07-13,2025-07-16,FALSE,9,0,"nwmzmtg3",FALSE,51.24924,3.7022,NA,NA
"I_9961_1","procambarus clarkii",4,2,2025-07-15,2025-07-18,FALSE,6,0.666666666666667,"nwmzmtg3",TRUE,51.24924,3.7022,NA,NA
"I_9961_5","procambarus clarkii",58,4,2024-07-18,2024-07-21,TRUE,12,4.83333333333333,"otm1owi1",TRUE,51.2684694,3.7179872,1,2802
"I_9961_6","procambarus clarkii",20,4,2024-10-25,2024-10-28,TRUE,12,1.66666666666667,"nwmzmtg3",TRUE,51.2657738,3.6871856,1,2826
"I_9982_11","crayfish indet",0,2,2024-08-22,2024-08-23,TRUE,6,0,"nju4nzzh",FALSE,51.2691229,3.5608716,NA,NA
"I_9982_11","procambarus clarkii",4,2,2024-08-20,2024-08-21,TRUE,6,0.666666666666667,"nju4nzzh",TRUE,51.2691229,3.5608716,NA,NA
"I_9982_5","procambarus clarkii",9,4,2024-08-13,2024-08-16,TRUE,12,0.75,"nju4nzzh",TRUE,51.2611327,3.5820292,NA,NA
"I_9982_6","crayfish indet",0,3,2024-08-06,2024-08-09,FALSE,9,0,"nju4nzzh",FALSE,51.2657601,3.577096,NA,NA
"I_9982_6","procambarus clarkii",1,1,2024-08-08,2024-08-08,TRUE,3,0.333333333333333,"nju4nzzh",TRUE,51.2657601,3.577096,NA,NA
"I_9982_8","crayfish indet",0,4,2024-08-27,2024-08-30,TRUE,12,0,"nju4nzzh",TRUE,51.2596778,3.5634546,NA,NA
"V_1570_2","crayfish indet",0,4,2024-09-11,2024-09-14,TRUE,12,0,"yjbhmzzi",TRUE,50.749083,3.995619,NA,NA
"V_1742_1","crayfish indet",0,3,2024-10-04,2024-10-08,FALSE,9,0,"yjmznwm3",FALSE,50.8845471,4.1125285,NA,NA
"V_1742_1","faxonius limosus",3,2,2024-10-06,2024-10-07,TRUE,6,0.5,"yjmznwm3",TRUE,50.8845471,4.1125285,NA,NA
"V_1750_2","crayfish indet",0,1,2025-08-13,2025-08-13,TRUE,12,0,"mtk0mjgx",TRUE,50.81438,4.16408,NA,NA
"V_1760_1","crayfish indet",0,1,2025-08-13,2025-08-13,TRUE,12,0,"mtk0mjgx",TRUE,50.83788,4.11306,NA,NA
"V_1851_1","crayfish indet",0,1,2025-08-05,2025-08-05,TRUE,12,0,"mtk0mjgx",TRUE,50.98172,4.36936,NA,NA
"V_1935_1","crayfish indet",0,1,2025-07-23,2025-07-23,TRUE,12,0,"odcxnmmx",TRUE,50.88978,4.45917,NA,NA
"V_1982_11","crayfish indet",0,1,2025-07-23,2025-07-23,TRUE,12,0,"odcxnmmx",TRUE,50.9857257,4.4786026,NA,NA
"V_2100_10","crayfish indet",0,3,2024-10-21,2024-10-24,FALSE,9,0,"njiyn2yx",FALSE,51.212119,4.470448,NA,NA
"V_2100_10","faxonius limosus",3,2,2024-10-22,2024-10-25,FALSE,6,0.5,"njiyn2yx",TRUE,51.212119,4.470448,NA,NA
"V_2100_11","crayfish indet",0,5,2024-10-26,2024-10-30,TRUE,15,0,"njiyn2yx",TRUE,51.215415,4.4634837,NA,NA
"V_2100_6","crayfish indet",0,1,2024-09-29,2024-09-29,TRUE,3,0,"njiyn2yx",FALSE,51.214583,4.473083,NA,NA
"V_2100_6","faxonius limosus",13,4,2024-09-26,2024-09-30,FALSE,12,1.08333333333333,"njiyn2yx",TRUE,51.214583,4.473083,NA,NA
"V_2100_6","crayfish indet",0,3,2024-10-11,2024-10-13,TRUE,9,0,"njiyn2yx",FALSE,51.214583,4.473083,NA,NA
"V_2100_6","faxonius limosus",2,2,2024-10-14,2024-10-15,TRUE,6,0.333333333333333,"njiyn2yx",TRUE,51.214583,4.473083,NA,NA
"V_2100_7","crayfish indet",0,4,2024-10-01,2024-10-04,TRUE,12,0,"njiyn2yx",TRUE,51.216667,4.468611,NA,NA
"V_2100_8","crayfish indet",0,5,2024-10-06,2024-10-10,TRUE,15,0,"njiyn2yx",TRUE,51.216,4.465694,NA,NA
"V_2100_9","crayfish indet",0,5,2024-10-16,2024-10-20,TRUE,15,0,"njiyn2yx",TRUE,51.214572,4.471803,NA,NA
"V_2222_4","crayfish indet",0,4,2024-07-23,2024-07-26,TRUE,12,0,"mmm4mzq3",TRUE,51.1215562024832,4.70024589585289,NA,NA
"V_2235_3","crayfish indet",0,4,2024-09-13,2024-09-16,TRUE,11,0,"yjbjnzi1",FALSE,51.0618265025103,4.78664729582507,NA,NA
"V_2300_6","crayfish indet",0,1,2024-07-23,2024-07-23,TRUE,3,0,"mzk5yjmz",FALSE,51.3274215,4.9160958,NA,NA
"V_2300_6","faxonius limosus",11,3,2024-07-24,2024-07-26,TRUE,9,1.22222222222222,"mzk5yjmz",TRUE,51.3274215,4.9160958,NA,NA
"V_2300_7","crayfish indet",0,1,2024-08-25,2024-08-25,TRUE,3,0,"mzk5yjmz",FALSE,51.3590129,4.9624728,NA,NA
"V_2300_7","faxonius limosus",5,3,2024-08-22,2024-08-24,TRUE,9,0.555555555555556,"mzk5yjmz",TRUE,51.3590129,4.9624728,NA,NA
"V_2330_4","crayfish indet",0,4,2024-09-18,2024-09-21,TRUE,12,0,"njixzjg3",TRUE,51.3792635,4.8833541,NA,NA
"V_2381_7","crayfish indet",0,4,2024-09-22,2024-09-25,TRUE,12,0,"njixzjg3",TRUE,51.392528,4.969778,NA,NA
"V_2440_11","crayfish indet",0,4,2024-07-09,2024-07-12,TRUE,12,0,"ztu0mthk",TRUE,51.1724522,5.0423275,NA,NA
"V_2450_2","procambarus clarkii",22,4,2024-08-10,2024-08-13,TRUE,12,1.83333333333333,"ztyxmjnj",TRUE,51.1141588,5.0649552,NA,NA
"V_2470_2","crayfish indet",0,4,2024-09-11,2024-09-14,TRUE,12,0,"mwi0nmni",TRUE,51.22879,5.038109,NA,NA
"V_2470_2","faxonius limosus",1,1,2024-09-15,2024-09-15,TRUE,3,0.333333333333333,"mwi0nmni",TRUE,51.22879,5.038109,NA,NA
"V_2470_3","crayfish indet",0,5,2024-09-11,2024-09-15,TRUE,15,0,"mwi0nmni",TRUE,51.224666,5.045138,NA,NA
"V_2470_4","crayfish indet",0,3,2024-09-17,2024-09-20,FALSE,9,0,"zgu4nzuz",FALSE,51.2565851,5.1060183,NA,NA
"V_2470_4","faxonius limosus",1,1,2024-09-19,2024-09-19,TRUE,3,0.333333333333333,"zgu4nzuz",TRUE,51.2565851,5.1060183,NA,NA
"V_2490_10","crayfish indet",0,4,2024-08-08,2024-08-11,TRUE,12,0,"nzzmzdm3",TRUE,51.1731,5.2541,NA,NA
"V_2490_11","crayfish indet",0,4,2024-08-14,2024-08-17,TRUE,12,0,"nzzmzdm3",TRUE,51.152,5.182,NA,NA
"V_2490_12","crayfish indet",0,4,2024-08-14,2024-08-17,TRUE,12,0,"nzzmzdm3",TRUE,51.154,5.178,NA,NA
"V_2490_13","crayfish indet",0,4,2024-08-18,2024-08-21,TRUE,12,0,"nzzmzdm3",TRUE,51.15089,5.188153,NA,NA
"V_2490_14","crayfish indet",0,4,2024-08-18,2024-08-21,TRUE,12,0,"nzzmzdm3",TRUE,51.150688,5.187034,NA,NA
"V_2490_15","crayfish indet",0,4,2024-08-24,2024-08-27,TRUE,12,0,"nzzmzdm3",TRUE,51.151999,5.146447,NA,NA
"V_2490_3","crayfish indet",0,4,2024-10-03,2024-10-06,TRUE,12,0,"mwnhmtq1",TRUE,51.1533249,5.2511977,NA,NA
"V_2490_5","crayfish indet",0,4,2024-07-08,2024-07-11,TRUE,12,0,"nzzmzdm3",TRUE,51.1516418,5.137815,NA,NA
"V_2490_6","crayfish indet",0,4,2024-07-08,2024-07-11,TRUE,12,0,"nzzmzdm3",TRUE,51.1482402,5.1346492,NA,NA
"V_2490_7","crayfish indet",0,4,2024-08-03,2024-08-06,TRUE,12,0,"nzzmzdm3",TRUE,51.172775,5.243459,NA,NA
"V_2490_8","crayfish indet",0,4,2024-08-03,2024-08-06,TRUE,12,0,"nzzmzdm3",TRUE,51.17374,5.244323,NA,NA
"V_2490_9","crayfish indet",0,4,2024-08-08,2024-08-11,TRUE,12,0,"nzzmzdm3",TRUE,51.1735,5.2527,NA,NA
"V_2491_1","crayfish indet",0,4,2024-07-12,2024-07-15,TRUE,12,0,"nzzmzdm3",TRUE,51.1470732,5.1343553,NA,NA
"V_2491_2","crayfish indet",0,4,2024-07-12,2024-07-15,TRUE,12,0,"nzzmzdm3",TRUE,51.1460064,5.1341025,NA,NA
"V_2491_3","crayfish indet",0,1,2024-07-23,2024-07-23,TRUE,3,0,"nzzmzdm3",FALSE,51.1461648,5.1410524,NA,NA
"V_2491_3","faxonius limosus",3,3,2024-07-24,2024-07-26,TRUE,9,0.333333333333333,"nzzmzdm3",TRUE,51.1461648,5.1410524,NA,NA
"V_2491_4","crayfish indet",0,4,2024-07-23,2024-07-26,TRUE,12,0,"nzzmzdm3",TRUE,51.1458209,5.1421366,NA,NA
"V_2491_5","crayfish indet",0,3,2024-07-27,2024-07-30,FALSE,9,0,"nzzmzdm3",FALSE,51.1448134,5.1286907,NA,NA
"V_2491_5","faxonius limosus",1,1,2024-07-29,2024-07-29,TRUE,3,0.333333333333333,"nzzmzdm3",TRUE,51.1448134,5.1286907,NA,NA
"V_2491_6","crayfish indet",0,4,2024-07-27,2024-07-30,TRUE,12,0,"nzzmzdm3",TRUE,51.1436651,5.1272898,NA,NA
"V_2491_8","crayfish indet",0,4,2024-08-29,2024-09-01,TRUE,12,0,"nzzmzdm3",TRUE,51.150153,5.149361,NA,NA
"V_2500_11","crayfish indet",0,4,2024-09-17,2024-09-20,TRUE,12,0,"odhmndaz",TRUE,51.1091667,4.5272222,NA,NA
"V_2547_2","crayfish indet",0,5,2024-10-04,2024-10-08,TRUE,15,0,"ogzjzmq2",TRUE,51.1315278,4.5038056,NA,NA
"V_2550_4","crayfish indet",0,3,2024-10-20,2024-10-23,FALSE,9,0,"otjhmjg3",FALSE,51.1356662,4.4639236,NA,NA
"V_2610_4","crayfish indet",0,4,2024-08-14,2024-08-17,TRUE,12,0,"ymjlzwe4",TRUE,51.181113,4.3731417,NA,NA
"V_2650_4","crayfish indet",0,4,2024-09-10,2024-09-13,TRUE,12,0,"yzc5zdbk",TRUE,51.156389,4.405889,NA,NA
"V_2650_5","crayfish indet",0,4,2024-09-10,2024-09-13,TRUE,12,0,"yzc5zdbk",TRUE,51.1566837,4.4045428,NA,NA
"V_2800_10","crayfish indet",0,4,2024-10-09,2024-10-12,TRUE,11,0,"odi5ngi0",FALSE,51.0196563024905,4.50186919589135,NA,NA
"V_2800_9","crayfish indet",0,5,2024-10-14,2024-10-18,TRUE,15,0,"mdm4oge4",TRUE,51.0227107024843,4.45503469590326,NA,NA
"V_2830_7","crayfish indet",0,4,2024-09-18,2024-09-21,TRUE,12,0,"mdm4oge4",TRUE,51.07576420246,4.37448729592871,NA,NA
"V_2850_1","crayfish indet",0,3,2024-09-18,2024-09-21,FALSE,9,0,"mdm4oge4",FALSE,51.091341,4.3834673,NA,NA
"V_2850_1","faxonius limosus",1,1,2024-09-20,2024-09-20,TRUE,3,0.333333333333333,"mdm4oge4",TRUE,51.091341,4.3834673,NA,NA
"V_2850_2","crayfish indet",0,4,2024-09-23,2024-09-28,FALSE,12,0,"mdm4oge4",TRUE,51.0878472,4.3800916,NA,NA
"V_2850_2","faxonius limosus",4,2,2024-09-24,2024-09-26,FALSE,6,0.666666666666667,"mdm4oge4",TRUE,51.0878472,4.3800916,NA,NA
"V_2850_3","crayfish indet",0,6,2024-09-23,2024-10-01,FALSE,18,0,"mdm4oge4",TRUE,51.087015,4.3842758,NA,NA
"V_2870_7","crayfish indet",0,4,2024-07-24,2024-07-27,TRUE,12,0,"zwuxmwy1",TRUE,51.0753132024561,4.33810379593762,NA,NA
"V_2880_13","crayfish indet",0,1,2025-08-05,2025-08-05,TRUE,12,0,"mtk0mjgx",TRUE,51.09019,4.18561,NA,NA
"V_2930_7","crayfish indet",0,4,2024-09-15,2024-09-18,TRUE,12,0,"odi3zti0",TRUE,51.3109534,4.525374,NA,NA
"V_2930_8","crayfish indet",0,4,2024-09-15,2024-09-18,TRUE,12,0,"odi3zti0",TRUE,51.3142677,4.5322723,NA,NA
"V_2950_3","crayfish indet",0,4,2024-10-02,2024-10-05,TRUE,12,0,"nzi4mtm4",TRUE,51.3341307,4.4706952,NA,NA
"V_3000_4","crayfish indet",0,4,2024-09-27,2024-09-30,TRUE,12,0,"yjdkn2u5",TRUE,50.861222,4.738139,NA,NA
"V_3010_11","crayfish indet",0,2,2024-07-30,2024-07-31,TRUE,6,0,"nzq2nzbh",FALSE,50.8925625,4.7234119,NA,NA
"V_3010_11","procambarus virginalis",3,2,2024-08-01,2024-08-02,TRUE,6,0.5,"nzq2nzbh",TRUE,50.8925625,4.7234119,NA,NA
"V_3010_12","crayfish indet",0,3,2024-09-04,2024-09-06,TRUE,9,0,"nzq2nzbh",FALSE,50.8935322,4.7215236,NA,NA
"V_3010_12","procambarus virginalis",3,1,2024-09-03,2024-09-03,TRUE,3,1,"nzq2nzbh",TRUE,50.8935322,4.7215236,NA,NA
"V_3010_13","crayfish indet",0,1,2024-07-30,2024-07-30,TRUE,3,0,"nzq2nzbh",FALSE,50.8938153,4.7201073,NA,NA
"V_3010_13","procambarus virginalis",12,2,2024-07-31,2024-08-01,TRUE,9,1.33333333333333,"nzq2nzbh",TRUE,50.8938153,4.7201073,NA,NA
"V_3010_14","crayfish indet",0,4,2024-07-30,2024-08-02,TRUE,12,0,"nzq2nzbh",TRUE,50.8964641,4.7177397,NA,NA
"V_3012_2","crayfish indet",0,1,2025-07-23,2025-07-23,TRUE,12,0,"odcxnmmx",TRUE,50.90617,4.71215,NA,NA
"V_3040_15","crayfish indet",0,4,2025-08-21,2025-08-24,TRUE,12,0,"owm3nzbk",TRUE,50.812787,4.619949,NA,NA
"V_3078_1","crayfish indet",0,4,2024-08-12,2024-08-15,TRUE,12,0,"zja3zjyx",TRUE,50.8845868,4.5636599,NA,NA
"V_3111_2","crayfish indet",0,4,2024-10-25,2024-10-28,TRUE,12,0,"zjbmngyy",TRUE,50.9370799,4.7730101,1,0
"V_3111_3","crayfish indet",0,4,2024-09-29,2024-10-02,TRUE,12,0,"owuwmwnj",TRUE,50.952033,4.733064,NA,NA
"V_3290_13","crayfish indet",0,4,2024-08-27,2024-08-30,TRUE,12,0,"nwnizjfi",TRUE,51.031589,5.112287,NA,NA
"V_3360_2","crayfish indet",0,4,2024-07-18,2024-07-21,TRUE,12,0,"mdrmnwjm",TRUE,50.8488965,4.7973268,NA,NA
"V_3550_10","faxonius limosus",6,4,2024-09-26,2024-09-29,TRUE,12,0.5,"owm2ywvi",TRUE,50.9973821,5.2711361,NA,NA
"V_3550_11","faxonius limosus",14,4,2024-09-26,2024-09-29,TRUE,12,1.16666666666667,"owm2ywvi",TRUE,50.9976814,5.271577,NA,NA
"V_3600_15","crayfish indet",0,5,2024-10-16,2024-10-20,TRUE,15,0,"nwvjndbl",TRUE,50.9772656,5.4943478,NA,NA
"V_3600_15","procambarus virginalis",2,1,2024-10-21,2024-10-21,TRUE,3,0.666666666666667,"nwvjndbl",TRUE,50.9772656,5.4943478,NA,NA
"V_3600_17","crayfish indet",0,4,2024-10-23,2024-10-27,FALSE,12,0,"nwvjndbl",TRUE,50.958981,5.467505,NA,NA
"V_3600_17","faxonius limosus",1,1,2024-10-26,2024-10-26,TRUE,3,0.333333333333333,"nwvjndbl",TRUE,50.958981,5.467505,NA,NA
"V_3640_15","crayfish indet",0,2,2024-08-03,2024-08-04,TRUE,6,0,"ztnhyzk1",FALSE,51.162806002591,5.74108299559483,NA,NA
"V_3640_15","faxonius limosus",2,2,2024-08-05,2024-08-06,TRUE,6,0.333333333333333,"ztnhyzk1",TRUE,51.162806002591,5.74108299559483,NA,NA
"V_3640_18","crayfish indet",0,5,2024-09-06,2024-09-10,TRUE,15,0,"mznknjaw",TRUE,51.181501002586,5.74536999559574,NA,NA
"V_3640_19","faxonius limosus",1,1,2024-09-23,2024-09-23,TRUE,3,0.333333333333333,"mznknjaw",TRUE,51.1553340025945,5.7521399955912,NA,NA
"V_3640_20","crayfish indet",0,4,2024-09-17,2024-09-21,FALSE,12,0,"mznknjaw",TRUE,51.167457002592,5.76066699559032,NA,NA
"V_3650_14","crayfish indet",0,4,2024-10-22,2024-10-25,TRUE,12,0,"ngrkywmz",TRUE,51.0681912026184,5.73554039558607,NA,NA
"V_3650_15","crayfish indet",0,4,2024-10-22,2024-10-25,TRUE,12,0,"ngrkywmz",TRUE,51.0765970026159,5.73540749558701,NA,NA
"V_3650_17","faxonius limosus",7,4,2025-07-23,2025-07-26,TRUE,12,0.583333333333333,"ngrkywmz",TRUE,51.044157,5.757447,NA,NA
"V_3660_4","crayfish indet",0,4,2024-08-13,2024-08-16,TRUE,12,0,"nzzlmmvm",TRUE,51.023500002614,5.5861999956194,NA,NA
"V_3680_9","crayfish indet",0,4,2024-09-17,2024-09-20,TRUE,12,0,"n2jjztbi",TRUE,51.1079436026073,5.74169869558878,NA,NA
"V_3900_5","crayfish indet",0,4,2024-08-28,2024-08-31,TRUE,12,0,"mdflzwm0",TRUE,51.203514,5.37853,NA,NA
"V_3900_6","crayfish indet",0,4,2024-08-28,2024-08-31,TRUE,12,0,"mdflzwm0",TRUE,51.208177,5.395103,NA,NA
"V_3910_11","crayfish indet",0,4,2024-07-20,2024-07-23,TRUE,12,0,"nthlmzez",TRUE,51.2251145,5.492385,NA,NA
"V_3910_14","crayfish indet",0,4,2024-08-30,2024-09-02,TRUE,12,0,"mdflzwm0",TRUE,51.249836,5.416268,NA,NA
"V_3910_15","crayfish indet",0,4,2024-09-10,2024-09-13,TRUE,12,0,"mdflzwm0",TRUE,51.235493,5.409433,NA,NA
"V_3920_1","crayfish indet",0,2,2025-06-26,2025-06-27,TRUE,6,0,"mdflzwm0",FALSE,51.238427,5.386785,NA,NA
"V_3920_1","faxonius limosus",7,2,2025-06-25,2025-06-28,FALSE,6,1.16666666666667,"mdflzwm0",TRUE,51.238427,5.386785,NA,NA
"V_3920_10","crayfish indet",0,3,2024-10-07,2024-10-09,TRUE,9,0,"mdflzwm0",FALSE,51.2626088,5.4024901,NA,NA
"V_3920_10","faxonius limosus",1,1,2024-10-10,2024-10-10,TRUE,3,0.333333333333333,"mdflzwm0",TRUE,51.2626088,5.4024901,NA,NA
"V_3920_5","crayfish indet",0,3,2024-09-10,2024-09-13,FALSE,9,0,"ymjinme3",FALSE,51.2654471,5.3623945,NA,NA
"V_3920_5","faxonius limosus",1,1,2024-09-11,2024-09-11,TRUE,3,0.333333333333333,"ymjinme3",TRUE,51.2654471,5.3623945,NA,NA
"V_3920_6","crayfish indet",0,4,2024-10-07,2024-10-10,TRUE,12,0,"mdflzwm0",TRUE,51.2551739,5.4090747,NA,NA
"V_3920_7","crayfish indet",0,3,2024-09-04,2024-09-06,TRUE,9,0,"nzzmzdm3",FALSE,51.1831977,5.2650075,NA,NA
"V_3920_7","faxonius limosus",1,1,2024-09-07,2024-09-07,TRUE,3,0.333333333333333,"nzzmzdm3",TRUE,51.1831977,5.2650075,NA,NA
"V_3920_8","crayfish indet",0,3,2024-09-04,2024-09-06,TRUE,9,0,"nzzmzdm3",FALSE,51.182752,5.2653307,NA,NA
"V_3920_8","faxonius limosus",2,1,2024-09-07,2024-09-07,TRUE,3,0.666666666666667,"nzzmzdm3",TRUE,51.182752,5.2653307,NA,NA
"V_3920_9","crayfish indet",0,4,2024-10-01,2024-10-04,TRUE,12,0,"mdflzwm0",TRUE,51.2568454,5.3933986,NA,NA
"V_3970_1","crayfish indet",0,4,2024-10-10,2024-10-13,TRUE,12,0,"mwnhmtq1",TRUE,51.1322606,5.2439153,NA,NA
"V_8000_6","procambarus clarkii",10,3,2024-08-07,2024-08-09,TRUE,9,1.11111111111111,"zmrhymrm",TRUE,51.2571020022875,3.25270799621937,NA,NA
"V_8000_7","crayfish indet",0,1,2024-09-26,2024-09-26,TRUE,3,0,"zwzhotbm",FALSE,51.2170345,3.1436378,NA,NA
"V_8000_7","procambarus clarkii",6,3,2024-09-24,2024-09-27,FALSE,9,0.666666666666667,"zwzhotbm",TRUE,51.2170345,3.1436378,NA,NA
"V_8200_1","crayfish indet",0,1,2025-08-07,2025-08-07,TRUE,12,0,"mtk0mjgx",TRUE,51.17822,3.16113,NA,NA
"V_8340_25","procambarus clarkii",1,1,2024-10-20,2024-10-20,TRUE,3,0.333333333333333,"ndfhyzg1",TRUE,51.2669450022894,3.29779099620961,NA,NA
"V_8380_4","procambarus clarkii",58,3,2024-09-06,2024-09-10,FALSE,9,6.44444444444444,"zgiwntyy",TRUE,51.289472,3.173519,NA,NA
"V_8470_5","crayfish indet",0,4,2024-09-06,2024-09-09,TRUE,12,0,"odjlnmu5",TRUE,51.141675,2.9534261,NA,NA
"V_8490_12","procambarus clarkii",32,3,2024-10-01,2024-10-04,FALSE,9,3.55555555555556,"zwzhotbm",TRUE,51.20392,3.100523,NA,NA
"V_8610_8","crayfish indet",0,4,2024-07-09,2024-07-14,FALSE,12,0,"mdywmjc1",TRUE,51.0286484,3.0580516,NA,NA
"V_8730_11","crayfish indet",0,4,2024-08-06,2024-08-09,TRUE,12,0,"otg3mza0",TRUE,51.1376902023291,3.33065629618858,NA,NA
"V_8800_7","crayfish indet",0,4,2024-09-21,2024-09-24,TRUE,12,0,"mjywyjqx",TRUE,50.981917,3.136361,NA,NA
"V_8870_1","crayfish indet",0,1,2025-08-07,2025-08-07,TRUE,12,0,"mtk0mjgx",TRUE,50.90541,3.18794,NA,NA
"V_8870_2","crayfish indet",0,1,2025-08-07,2025-08-07,TRUE,12,0,"mtk0mjgx",TRUE,50.94541,3.18211,NA,NA
"V_8870_7","crayfish indet",0,4,2024-08-01,2024-08-04,TRUE,12,0,"nzi3zgyy",TRUE,50.9080607,3.1911835,NA,NA
"V_9030_2","crayfish indet",0,3,2024-09-09,2024-09-11,TRUE,9,0,"nmm1ndmy",FALSE,51.078167,3.676972,NA,NA
"V_9030_2","faxonius limosus",1,1,2024-09-08,2024-09-08,TRUE,3,0.333333333333333,"nmm1ndmy",TRUE,51.078167,3.676972,NA,NA
"V_9032_1","crayfish indet",0,1,2025-07-31,2025-07-31,TRUE,12,0,"mtk0mjgx",TRUE,51.08091,3.695,NA,NA
"V_9051_3","crayfish indet",0,6,2024-10-10,2024-10-15,TRUE,18,0,"mtfizjjh",TRUE,51.035853,3.667529,NA,NA
"V_9052_6","crayfish indet",0,5,2024-09-11,2024-09-15,TRUE,15,0,"yzq0m2yw",TRUE,50.993863,3.721124,NA,NA
"V_9100_2","crayfish indet",0,1,2024-08-19,2024-08-19,TRUE,3,0,"otniytkz",FALSE,51.1488282,4.1871482,NA,NA
"V_9140_1","crayfish indet",0,1,2025-08-05,2025-08-05,TRUE,12,0,"mtk0mjgx",TRUE,51.12286,4.24855,NA,NA
"V_9140_5","crayfish indet",0,4,2024-07-16,2024-07-19,TRUE,12,0,"njbjymrl",TRUE,51.1365283,4.1670574,NA,NA
"V_9160_1","procambarus clarkii",33,1,2025-08-05,2025-08-05,TRUE,12,2.75,"mtk0mjgx",TRUE,51.10472,4.02119,NA,NA
"V_9200_16","crayfish indet",0,4,2024-08-27,2024-08-30,TRUE,12,0,"mdm5y2i4",TRUE,51.045801,4.114733,NA,NA
"V_9200_19","crayfish indet",0,4,2024-09-18,2024-09-21,TRUE,12,0,"ngi0ytux",TRUE,51.026945,4.042212,NA,NA
"V_9200_20","crayfish indet",0,4,2024-09-10,2024-09-13,TRUE,12,0,"ngi0ytux",TRUE,51.055074,4.13485,NA,NA
"V_9220_10","procambarus clarkii",11,1,2024-08-27,2024-08-27,TRUE,3,3.66666666666667,"y2zhzmy3",TRUE,51.074298,4.175564,NA,NA
"V_9240_5","crayfish indet",0,4,2024-08-28,2024-08-31,TRUE,12,0,"mtm4ytcx",TRUE,51.062782,4.081158,NA,NA
"V_9240_7","crayfish indet",0,4,2024-09-17,2024-09-20,TRUE,12,0,"ndriztk0",TRUE,51.0505283,4.0453895,NA,NA
"V_9250_3","procambarus clarkii",7,4,2024-09-15,2024-09-19,FALSE,12,0.583333333333333,"otblmwjl",TRUE,51.1370644,4.039342,NA,NA
"V_9255_1","crayfish indet",0,1,2025-08-05,2025-08-05,TRUE,12,0,"mtk0mjgx",TRUE,51.03097,4.2158,NA,NA
"V_9260_3","crayfish indet",0,4,2024-08-14,2024-08-17,TRUE,12,0,"ytq0zwrk",TRUE,51.023506,3.9293331,NA,NA
"V_9270_4","crayfish indet",0,3,2024-10-02,2024-10-04,TRUE,9,0,"ztezzjnh",FALSE,51.0360752,3.8481604,NA,NA
"V_9280_3","crayfish indet",0,4,2024-09-07,2024-09-11,FALSE,12,0,"mdm5y2i4",TRUE,50.999601,4.086909,NA,NA
"V_9280_3","procambarus acutus",1,1,2024-09-09,2024-09-09,TRUE,3,0.333333333333333,"mdm5y2i4",TRUE,50.999601,4.086909,NA,NA
"V_9420_6","crayfish indet",0,7,2024-09-17,2024-09-23,TRUE,42,0,"mjkyzjq3",TRUE,50.9014834,3.9630626,NA,NA
"V_9450_2","crayfish indet",0,8,2024-09-16,2024-09-23,TRUE,24,0,"mjkyzjq3",TRUE,50.88894,3.95116,NA,NA
"V_9450_3","crayfish indet",0,7,2024-09-23,2024-09-29,TRUE,21,0,"mjkyzjq3",TRUE,50.893729,4.02133,NA,NA
"V_9450_4","crayfish indet",0,8,2024-06-23,2024-06-30,TRUE,24,0,"mjkyzjq3",TRUE,50.89703,4.03072,NA,NA
"V_9472_2","crayfish indet",0,5,2024-09-26,2024-09-30,TRUE,15,0,"mjkyzjq3",TRUE,50.8707076,4.0437601,NA,NA
"V_9500_1","crayfish indet",0,4,2025-09-01,2025-09-04,TRUE,12,0,"mjkyzjq3",TRUE,50.74341,3.92603,NA,NA
"V_9520_1","crayfish indet",0,1,2025-08-13,2025-08-13,TRUE,12,0,"mtk0mjgx",TRUE,50.94729,3.89046,NA,NA
"V_9630_1","crayfish indet",0,1,2025-07-31,2025-07-31,TRUE,12,0,"mtk0mjgx",TRUE,50.90377,3.68958,NA,NA
"V_9750_6","crayfish indet",0,5,2024-09-06,2024-09-10,TRUE,15,0,"zgexogy3",TRUE,50.9031710024338,3.68504699607908,NA,NA
"V_9800_18","crayfish indet",0,4,2024-07-21,2024-07-24,TRUE,12,0,"zgvjogiw",TRUE,51.0160398,3.5349938,NA,NA
"V_9800_19","crayfish indet",0,4,2024-10-05,2024-10-08,TRUE,12,0,"yzc4njmw",TRUE,50.9917051,3.5709575,NA,NA
"V_9820_1","crayfish indet",0,1,2025-07-31,2025-07-31,TRUE,12,0,"mtk0mjgx",TRUE,51.02047,3.74594,NA,NA
"V_9820_9","crayfish indet",0,4,2024-08-17,2024-08-20,TRUE,12,0,"mdu1yja5",TRUE,50.972361,3.711361,NA,NA
"V_9830_1","crayfish indet",0,4,2024-09-22,2024-09-25,TRUE,12,0,"otnkzgi3",TRUE,51.027871,3.622931,NA,NA
"V_9830_1","crayfish indet",0,4,2025-08-22,2025-08-25,TRUE,12,0,"otnkzgi3",TRUE,51.027871,3.622931,NA,NA
"V_9830_2","crayfish indet",0,4,2024-09-30,2024-10-03,TRUE,12,0,"otnkzgi3",TRUE,51.0083204,3.6397151,NA,NA
"V_9840_5","crayfish indet",0,4,2024-08-22,2024-08-25,TRUE,8,0,"nwixndkz",FALSE,50.973235,3.700994,NA,NA
"V_9850_1","crayfish indet",0,1,2025-08-07,2025-08-07,TRUE,12,0,"mtk0mjgx",TRUE,51.09083,3.56588,NA,NA
"V_9880_5","crayfish indet",0,4,2025-05-23,2025-05-26,TRUE,12,0,"zgyxzdri",TRUE,51.104322,3.4753949,NA,NA
"V_9880_6","crayfish indet",0,1,2025-08-07,2025-08-07,TRUE,12,0,"mtk0mjgx",TRUE,51.07416,3.39677,NA,NA
"V_9890_8","crayfish indet",0,4,2024-08-29,2024-09-01,TRUE,12,0,"ytvimtiz",TRUE,50.922205,3.662712,NA,NA
"V_9930_2","crayfish indet",0,3,2024-08-16,2024-08-18,TRUE,9,0,"ntiwzdk2",FALSE,51.1239677,3.5685398,NA,NA
"V_9940_17","crayfish indet",0,4,2024-07-23,2024-07-26,TRUE,12,0,"mze2mza3",TRUE,51.1449082,3.7079786,NA,NA
